<?xml version="1.0" encoding="UTF-8"?>

<!-- generated on 2024-03-28 20:22:52 by Eclipse SUMO od2trips Version 1.19.0
<configuration xmlns:xsi="http://www.w3.org/2001/XMLSchema-instance" xsi:noNamespaceSchemaLocation="http://sumo.dlr.de/xsd/od2tripsConfiguration.xsd">

    <input>
        <taz-files value=".\tazfile.taz.xml"/>
        <od-matrix-files value=".\ODfile.od"/>
    </input>

    <output>
        <output-file value=".\odfile.odtrips.xml"/>
    </output>

    <processing>
        <vtype value="pc"/>
        <prefix value="pc"/>
    </processing>

</configuration>
-->

<routes xmlns:xsi="http://www.w3.org/2001/XMLSchema-instance" xsi:noNamespaceSchemaLocation="http://sumo.dlr.de/xsd/routes_file.xsd">
    <trip id="pc63" depart="0.79" from="518702967" to="634224224" type="pc" fromTaz="101" toTaz="202" departLane="free" departSpeed="max"/>
    <trip id="pc516" depart="4.77" from="379598682#0" to="634224224" type="pc" fromTaz="104" toTaz="202" departLane="free" departSpeed="max"/>
    <trip id="pc243" depart="11.12" from="-634224224" to="183895355#1" type="pc" fromTaz="102" toTaz="204" departLane="free" departSpeed="max"/>
    <trip id="pc9" depart="18.39" from="518702967" to="634224224" type="pc" fromTaz="101" toTaz="202" departLane="free" departSpeed="max"/>
    <trip id="pc409" depart="19.61" from="-218769245#1" to="634224224" type="pc" fromTaz="103" toTaz="202" departLane="free" departSpeed="max"/>
    <trip id="pc388" depart="23.05" from="-218769245#1" to="634224224" type="pc" fromTaz="103" toTaz="202" departLane="free" departSpeed="max"/>
    <trip id="pc196" depart="36.86" from="-634224224" to="218769245#1" type="pc" fromTaz="102" toTaz="203" departLane="free" departSpeed="max"/>
    <trip id="pc523" depart="37.70" from="379598682#0" to="634224224" type="pc" fromTaz="104" toTaz="202" departLane="free" departSpeed="max"/>
    <trip id="pc141" depart="39.03" from="518702967" to="183895355#1" type="pc" fromTaz="101" toTaz="204" departLane="free" departSpeed="max"/>
    <trip id="pc5" depart="55.65" from="518702967" to="634224224" type="pc" fromTaz="101" toTaz="202" departLane="free" departSpeed="max"/>
    <trip id="pc415" depart="77.89" from="-218769245#1" to="634224224" type="pc" fromTaz="103" toTaz="202" departLane="free" departSpeed="max"/>
    <trip id="pc110" depart="81.63" from="518702967" to="183895355#1" type="pc" fromTaz="101" toTaz="204" departLane="free" departSpeed="max"/>
    <trip id="pc189" depart="88.60" from="-634224224" to="-518702967" type="pc" fromTaz="102" toTaz="201" departLane="free" departSpeed="max"/>
    <trip id="pc371" depart="90.56" from="-218769245#1" to="634224224" type="pc" fromTaz="103" toTaz="202" departLane="free" departSpeed="max"/>
    <trip id="pc221" depart="101.43" from="-634224224" to="183895355#1" type="pc" fromTaz="102" toTaz="204" departLane="free" departSpeed="max"/>
    <trip id="pc505" depart="105.18" from="379598682#0" to="634224224" type="pc" fromTaz="104" toTaz="202" departLane="free" departSpeed="max"/>
    <trip id="pc396" depart="106.94" from="-218769245#1" to="634224224" type="pc" fromTaz="103" toTaz="202" departLane="free" departSpeed="max"/>
    <trip id="pc365" depart="107.93" from="-218769245#1" to="-518702967" type="pc" fromTaz="103" toTaz="201" departLane="free" departSpeed="max"/>
    <trip id="pc128" depart="116.59" from="518702967" to="183895355#1" type="pc" fromTaz="101" toTaz="204" departLane="free" departSpeed="max"/>
    <trip id="pc316" depart="150.40" from="-218769245#1" to="-518702967" type="pc" fromTaz="103" toTaz="201" departLane="free" departSpeed="max"/>
    <trip id="pc19" depart="163.02" from="518702967" to="634224224" type="pc" fromTaz="101" toTaz="202" departLane="free" departSpeed="max"/>
    <trip id="pc91" depart="169.75" from="518702967" to="218769245#1" type="pc" fromTaz="101" toTaz="203" departLane="free" departSpeed="max"/>
    <trip id="pc136" depart="179.52" from="518702967" to="183895355#1" type="pc" fromTaz="101" toTaz="204" departLane="free" departSpeed="max"/>
    <trip id="pc454" depart="182.42" from="379598682#0" to="-518702967" type="pc" fromTaz="104" toTaz="201" departLane="free" departSpeed="max"/>
    <trip id="pc73" depart="186.01" from="518702967" to="634224224" type="pc" fromTaz="101" toTaz="202" departLane="free" departSpeed="max"/>
    <trip id="pc429" depart="188.24" from="-218769245#1" to="183895355#1" type="pc" fromTaz="103" toTaz="204" departLane="free" departSpeed="max"/>
    <trip id="pc105" depart="196.41" from="518702967" to="183895355#1" type="pc" fromTaz="101" toTaz="204" departLane="free" departSpeed="max"/>
    <trip id="pc500" depart="200.43" from="379598682#0" to="634224224" type="pc" fromTaz="104" toTaz="202" departLane="free" departSpeed="max"/>
    <trip id="pc254" depart="202.95" from="-634224224" to="183895355#1" type="pc" fromTaz="102" toTaz="204" departLane="free" departSpeed="max"/>
    <trip id="pc62" depart="207.72" from="518702967" to="634224224" type="pc" fromTaz="101" toTaz="202" departLane="free" departSpeed="max"/>
    <trip id="pc331" depart="208.04" from="-218769245#1" to="-518702967" type="pc" fromTaz="103" toTaz="201" departLane="free" departSpeed="max"/>
    <trip id="pc164" depart="211.05" from="518702967" to="183895355#1" type="pc" fromTaz="101" toTaz="204" departLane="free" departSpeed="max"/>
    <trip id="pc68" depart="212.57" from="518702967" to="634224224" type="pc" fromTaz="101" toTaz="202" departLane="free" departSpeed="max"/>
    <trip id="pc146" depart="214.16" from="518702967" to="183895355#1" type="pc" fromTaz="101" toTaz="204" departLane="free" departSpeed="max"/>
    <trip id="pc541" depart="217.98" from="379598682#0" to="218769245#1" type="pc" fromTaz="104" toTaz="203" departLane="free" departSpeed="max"/>
    <trip id="pc398" depart="220.27" from="-218769245#1" to="634224224" type="pc" fromTaz="103" toTaz="202" departLane="free" departSpeed="max"/>
    <trip id="pc406" depart="220.65" from="-218769245#1" to="634224224" type="pc" fromTaz="103" toTaz="202" departLane="free" departSpeed="max"/>
    <trip id="pc262" depart="222.36" from="-634224224" to="183895355#1" type="pc" fromTaz="102" toTaz="204" departLane="free" departSpeed="max"/>
    <trip id="pc360" depart="224.07" from="-218769245#1" to="-518702967" type="pc" fromTaz="103" toTaz="201" departLane="free" departSpeed="max"/>
    <trip id="pc27" depart="238.38" from="518702967" to="634224224" type="pc" fromTaz="101" toTaz="202" departLane="free" departSpeed="max"/>
    <trip id="pc531" depart="240.80" from="379598682#0" to="634224224" type="pc" fromTaz="104" toTaz="202" departLane="free" departSpeed="max"/>
    <trip id="pc430" depart="242.93" from="-218769245#1" to="183895355#1" type="pc" fromTaz="103" toTaz="204" departLane="free" departSpeed="max"/>
    <trip id="pc508" depart="243.94" from="379598682#0" to="634224224" type="pc" fromTaz="104" toTaz="202" departLane="free" departSpeed="max"/>
    <trip id="pc272" depart="244.16" from="-634224224" to="183895355#1" type="pc" fromTaz="102" toTaz="204" departLane="free" departSpeed="max"/>
    <trip id="pc419" depart="260.97" from="-218769245#1" to="634224224" type="pc" fromTaz="103" toTaz="202" departLane="free" departSpeed="max"/>
    <trip id="pc537" depart="265.77" from="379598682#0" to="218769245#1" type="pc" fromTaz="104" toTaz="203" departLane="free" departSpeed="max"/>
    <trip id="pc499" depart="272.92" from="379598682#0" to="634224224" type="pc" fromTaz="104" toTaz="202" departLane="free" departSpeed="max"/>
    <trip id="pc400" depart="276.27" from="-218769245#1" to="634224224" type="pc" fromTaz="103" toTaz="202" departLane="free" departSpeed="max"/>
    <trip id="pc354" depart="280.53" from="-218769245#1" to="-518702967" type="pc" fromTaz="103" toTaz="201" departLane="free" departSpeed="max"/>
    <trip id="pc195" depart="292.21" from="-634224224" to="218769245#1" type="pc" fromTaz="102" toTaz="203" departLane="free" departSpeed="max"/>
    <trip id="pc266" depart="305.15" from="-634224224" to="183895355#1" type="pc" fromTaz="102" toTaz="204" departLane="free" departSpeed="max"/>
    <trip id="pc258" depart="312.98" from="-634224224" to="183895355#1" type="pc" fromTaz="102" toTaz="204" departLane="free" departSpeed="max"/>
    <trip id="pc410" depart="314.38" from="-218769245#1" to="634224224" type="pc" fromTaz="103" toTaz="202" departLane="free" departSpeed="max"/>
    <trip id="pc548" depart="315.21" from="379598682#0" to="218769245#1" type="pc" fromTaz="104" toTaz="203" departLane="free" departSpeed="max"/>
    <trip id="pc324" depart="320.66" from="-218769245#1" to="-518702967" type="pc" fromTaz="103" toTaz="201" departLane="free" departSpeed="max"/>
    <trip id="pc97" depart="322.82" from="518702967" to="218769245#1" type="pc" fromTaz="101" toTaz="203" departLane="free" departSpeed="max"/>
    <trip id="pc70" depart="325.69" from="518702967" to="634224224" type="pc" fromTaz="101" toTaz="202" departLane="free" departSpeed="max"/>
    <trip id="pc341" depart="327.86" from="-218769245#1" to="-518702967" type="pc" fromTaz="103" toTaz="201" departLane="free" departSpeed="max"/>
    <trip id="pc397" depart="331.23" from="-218769245#1" to="634224224" type="pc" fromTaz="103" toTaz="202" departLane="free" departSpeed="max"/>
    <trip id="pc545" depart="350.31" from="379598682#0" to="218769245#1" type="pc" fromTaz="104" toTaz="203" departLane="free" departSpeed="max"/>
    <trip id="pc49" depart="353.09" from="518702967" to="634224224" type="pc" fromTaz="101" toTaz="202" departLane="free" departSpeed="max"/>
    <trip id="pc205" depart="357.13" from="-634224224" to="218769245#1" type="pc" fromTaz="102" toTaz="203" departLane="free" departSpeed="max"/>
    <trip id="pc50" depart="363.29" from="518702967" to="634224224" type="pc" fromTaz="101" toTaz="202" departLane="free" departSpeed="max"/>
    <trip id="pc390" depart="368.31" from="-218769245#1" to="634224224" type="pc" fromTaz="103" toTaz="202" departLane="free" departSpeed="max"/>
    <trip id="pc7" depart="381.92" from="518702967" to="634224224" type="pc" fromTaz="101" toTaz="202" departLane="free" departSpeed="max"/>
    <trip id="pc348" depart="382.07" from="-218769245#1" to="-518702967" type="pc" fromTaz="103" toTaz="201" departLane="free" departSpeed="max"/>
    <trip id="pc81" depart="382.76" from="518702967" to="218769245#1" type="pc" fromTaz="101" toTaz="203" departLane="free" departSpeed="max"/>
    <trip id="pc65" depart="386.17" from="518702967" to="634224224" type="pc" fromTaz="101" toTaz="202" departLane="free" departSpeed="max"/>
    <trip id="pc401" depart="393.73" from="-218769245#1" to="634224224" type="pc" fromTaz="103" toTaz="202" departLane="free" departSpeed="max"/>
    <trip id="pc444" depart="396.42" from="-218769245#1" to="183895355#1" type="pc" fromTaz="103" toTaz="204" departLane="free" departSpeed="max"/>
    <trip id="pc94" depart="397.95" from="518702967" to="218769245#1" type="pc" fromTaz="101" toTaz="203" departLane="free" departSpeed="max"/>
    <trip id="pc441" depart="409.79" from="-218769245#1" to="183895355#1" type="pc" fromTaz="103" toTaz="204" departLane="free" departSpeed="max"/>
    <trip id="pc42" depart="410.68" from="518702967" to="634224224" type="pc" fromTaz="101" toTaz="202" departLane="free" departSpeed="max"/>
    <trip id="pc485" depart="416.57" from="379598682#0" to="-518702967" type="pc" fromTaz="104" toTaz="201" departLane="free" departSpeed="max"/>
    <trip id="pc297" depart="422.38" from="-218769245#1" to="-518702967" type="pc" fromTaz="103" toTaz="201" departLane="free" departSpeed="max"/>
    <trip id="pc33" depart="423.68" from="518702967" to="634224224" type="pc" fromTaz="101" toTaz="202" departLane="free" departSpeed="max"/>
    <trip id="pc434" depart="425.10" from="-218769245#1" to="183895355#1" type="pc" fromTaz="103" toTaz="204" departLane="free" departSpeed="max"/>
    <trip id="pc206" depart="429.67" from="-634224224" to="218769245#1" type="pc" fromTaz="102" toTaz="203" departLane="free" departSpeed="max"/>
    <trip id="pc30" depart="433.87" from="518702967" to="634224224" type="pc" fromTaz="101" toTaz="202" departLane="free" departSpeed="max"/>
    <trip id="pc26" depart="436.43" from="518702967" to="634224224" type="pc" fromTaz="101" toTaz="202" departLane="free" departSpeed="max"/>
    <trip id="pc257" depart="446.89" from="-634224224" to="183895355#1" type="pc" fromTaz="102" toTaz="204" departLane="free" departSpeed="max"/>
    <trip id="pc423" depart="452.31" from="-218769245#1" to="634224224" type="pc" fromTaz="103" toTaz="202" departLane="free" departSpeed="max"/>
    <trip id="pc442" depart="456.61" from="-218769245#1" to="183895355#1" type="pc" fromTaz="103" toTaz="204" departLane="free" departSpeed="max"/>
    <trip id="pc203" depart="464.16" from="-634224224" to="218769245#1" type="pc" fromTaz="102" toTaz="203" departLane="free" departSpeed="max"/>
    <trip id="pc1" depart="476.94" from="518702967" to="634224224" type="pc" fromTaz="101" toTaz="202" departLane="free" departSpeed="max"/>
    <trip id="pc370" depart="479.31" from="-218769245#1" to="634224224" type="pc" fromTaz="103" toTaz="202" departLane="free" departSpeed="max"/>
    <trip id="pc538" depart="484.62" from="379598682#0" to="218769245#1" type="pc" fromTaz="104" toTaz="203" departLane="free" departSpeed="max"/>
    <trip id="pc269" depart="490.44" from="-634224224" to="183895355#1" type="pc" fromTaz="102" toTaz="204" departLane="free" departSpeed="max"/>
    <trip id="pc177" depart="505.51" from="518702967" to="183895355#1" type="pc" fromTaz="101" toTaz="204" departLane="free" departSpeed="max"/>
    <trip id="pc239" depart="560.10" from="-634224224" to="183895355#1" type="pc" fromTaz="102" toTaz="204" departLane="free" departSpeed="max"/>
    <trip id="pc151" depart="568.32" from="518702967" to="183895355#1" type="pc" fromTaz="101" toTaz="204" departLane="free" departSpeed="max"/>
    <trip id="pc334" depart="573.43" from="-218769245#1" to="-518702967" type="pc" fromTaz="103" toTaz="201" departLane="free" departSpeed="max"/>
    <trip id="pc175" depart="574.15" from="518702967" to="183895355#1" type="pc" fromTaz="101" toTaz="204" departLane="free" departSpeed="max"/>
    <trip id="pc101" depart="581.56" from="518702967" to="218769245#1" type="pc" fromTaz="101" toTaz="203" departLane="free" departSpeed="max"/>
    <trip id="pc180" depart="582.47" from="-634224224" to="-518702967" type="pc" fromTaz="102" toTaz="201" departLane="free" departSpeed="max"/>
    <trip id="pc61" depart="587.91" from="518702967" to="634224224" type="pc" fromTaz="101" toTaz="202" departLane="free" departSpeed="max"/>
    <trip id="pc142" depart="592.10" from="518702967" to="183895355#1" type="pc" fromTaz="101" toTaz="204" departLane="free" departSpeed="max"/>
    <trip id="pc77" depart="617.57" from="518702967" to="634224224" type="pc" fromTaz="101" toTaz="202" departLane="free" departSpeed="max"/>
    <trip id="pc489" depart="624.75" from="379598682#0" to="-518702967" type="pc" fromTaz="104" toTaz="201" departLane="free" departSpeed="max"/>
    <trip id="pc391" depart="635.18" from="-218769245#1" to="634224224" type="pc" fromTaz="103" toTaz="202" departLane="free" departSpeed="max"/>
    <trip id="pc526" depart="636.26" from="379598682#0" to="634224224" type="pc" fromTaz="104" toTaz="202" departLane="free" departSpeed="max"/>
    <trip id="pc536" depart="637.02" from="379598682#0" to="218769245#1" type="pc" fromTaz="104" toTaz="203" departLane="free" departSpeed="max"/>
    <trip id="pc264" depart="640.55" from="-634224224" to="183895355#1" type="pc" fromTaz="102" toTaz="204" departLane="free" departSpeed="max"/>
    <trip id="pc472" depart="643.20" from="379598682#0" to="-518702967" type="pc" fromTaz="104" toTaz="201" departLane="free" departSpeed="max"/>
    <trip id="pc464" depart="662.61" from="379598682#0" to="-518702967" type="pc" fromTaz="104" toTaz="201" departLane="free" departSpeed="max"/>
    <trip id="pc294" depart="663.46" from="-218769245#1" to="-518702967" type="pc" fromTaz="103" toTaz="201" departLane="free" departSpeed="max"/>
    <trip id="pc291" depart="665.77" from="-218769245#1" to="-518702967" type="pc" fromTaz="103" toTaz="201" departLane="free" departSpeed="max"/>
    <trip id="pc275" depart="666.97" from="-634224224" to="183895355#1" type="pc" fromTaz="102" toTaz="204" departLane="free" departSpeed="max"/>
    <trip id="pc15" depart="674.42" from="518702967" to="634224224" type="pc" fromTaz="101" toTaz="202" departLane="free" departSpeed="max"/>
    <trip id="pc330" depart="675.61" from="-218769245#1" to="-518702967" type="pc" fromTaz="103" toTaz="201" departLane="free" departSpeed="max"/>
    <trip id="pc469" depart="687.79" from="379598682#0" to="-518702967" type="pc" fromTaz="104" toTaz="201" departLane="free" departSpeed="max"/>
    <trip id="pc90" depart="688.48" from="518702967" to="218769245#1" type="pc" fromTaz="101" toTaz="203" departLane="free" departSpeed="max"/>
    <trip id="pc116" depart="697.79" from="518702967" to="183895355#1" type="pc" fromTaz="101" toTaz="204" departLane="free" departSpeed="max"/>
    <trip id="pc453" depart="698.32" from="379598682#0" to="-518702967" type="pc" fromTaz="104" toTaz="201" departLane="free" departSpeed="max"/>
    <trip id="pc307" depart="700.29" from="-218769245#1" to="-518702967" type="pc" fromTaz="103" toTaz="201" departLane="free" departSpeed="max"/>
    <trip id="pc207" depart="709.44" from="-634224224" to="218769245#1" type="pc" fromTaz="102" toTaz="203" departLane="free" departSpeed="max"/>
    <trip id="pc17" depart="724.95" from="518702967" to="634224224" type="pc" fromTaz="101" toTaz="202" departLane="free" departSpeed="max"/>
    <trip id="pc426" depart="726.20" from="-218769245#1" to="634224224" type="pc" fromTaz="103" toTaz="202" departLane="free" departSpeed="max"/>
    <trip id="pc413" depart="726.65" from="-218769245#1" to="634224224" type="pc" fromTaz="103" toTaz="202" departLane="free" departSpeed="max"/>
    <trip id="pc227" depart="735.11" from="-634224224" to="183895355#1" type="pc" fromTaz="102" toTaz="204" departLane="free" departSpeed="max"/>
    <trip id="pc172" depart="741.96" from="518702967" to="183895355#1" type="pc" fromTaz="101" toTaz="204" departLane="free" departSpeed="max"/>
    <trip id="pc490" depart="744.46" from="379598682#0" to="-518702967" type="pc" fromTaz="104" toTaz="201" departLane="free" departSpeed="max"/>
    <trip id="pc332" depart="744.62" from="-218769245#1" to="-518702967" type="pc" fromTaz="103" toTaz="201" departLane="free" departSpeed="max"/>
    <trip id="pc3" depart="754.69" from="518702967" to="634224224" type="pc" fromTaz="101" toTaz="202" departLane="free" departSpeed="max"/>
    <trip id="pc149" depart="759.36" from="518702967" to="183895355#1" type="pc" fromTaz="101" toTaz="204" departLane="free" departSpeed="max"/>
    <trip id="pc411" depart="761.23" from="-218769245#1" to="634224224" type="pc" fromTaz="103" toTaz="202" departLane="free" departSpeed="max"/>
    <trip id="pc323" depart="763.08" from="-218769245#1" to="-518702967" type="pc" fromTaz="103" toTaz="201" departLane="free" departSpeed="max"/>
    <trip id="pc14" depart="764.28" from="518702967" to="634224224" type="pc" fromTaz="101" toTaz="202" departLane="free" departSpeed="max"/>
    <trip id="pc82" depart="765.40" from="518702967" to="218769245#1" type="pc" fromTaz="101" toTaz="203" departLane="free" departSpeed="max"/>
    <trip id="pc127" depart="767.89" from="518702967" to="183895355#1" type="pc" fromTaz="101" toTaz="204" departLane="free" departSpeed="max"/>
    <trip id="pc543" depart="768.65" from="379598682#0" to="218769245#1" type="pc" fromTaz="104" toTaz="203" departLane="free" departSpeed="max"/>
    <trip id="pc375" depart="780.76" from="-218769245#1" to="634224224" type="pc" fromTaz="103" toTaz="202" departLane="free" departSpeed="max"/>
    <trip id="pc60" depart="782.98" from="518702967" to="634224224" type="pc" fromTaz="101" toTaz="202" departLane="free" departSpeed="max"/>
    <trip id="pc106" depart="787.08" from="518702967" to="183895355#1" type="pc" fromTaz="101" toTaz="204" departLane="free" departSpeed="max"/>
    <trip id="pc404" depart="803.45" from="-218769245#1" to="634224224" type="pc" fromTaz="103" toTaz="202" departLane="free" departSpeed="max"/>
    <trip id="pc112" depart="809.33" from="518702967" to="183895355#1" type="pc" fromTaz="101" toTaz="204" departLane="free" departSpeed="max"/>
    <trip id="pc534" depart="813.65" from="379598682#0" to="218769245#1" type="pc" fromTaz="104" toTaz="203" departLane="free" departSpeed="max"/>
    <trip id="pc514" depart="815.52" from="379598682#0" to="634224224" type="pc" fromTaz="104" toTaz="202" departLane="free" departSpeed="max"/>
    <trip id="pc310" depart="837.30" from="-218769245#1" to="-518702967" type="pc" fromTaz="103" toTaz="201" departLane="free" departSpeed="max"/>
    <trip id="pc274" depart="838.12" from="-634224224" to="183895355#1" type="pc" fromTaz="102" toTaz="204" departLane="free" departSpeed="max"/>
    <trip id="pc468" depart="840.96" from="379598682#0" to="-518702967" type="pc" fromTaz="104" toTaz="201" departLane="free" departSpeed="max"/>
    <trip id="pc24" depart="842.52" from="518702967" to="634224224" type="pc" fromTaz="101" toTaz="202" departLane="free" departSpeed="max"/>
    <trip id="pc218" depart="846.12" from="-634224224" to="218769245#1" type="pc" fromTaz="102" toTaz="203" departLane="free" departSpeed="max"/>
    <trip id="pc100" depart="859.60" from="518702967" to="218769245#1" type="pc" fromTaz="101" toTaz="203" departLane="free" departSpeed="max"/>
    <trip id="pc306" depart="861.23" from="-218769245#1" to="-518702967" type="pc" fromTaz="103" toTaz="201" departLane="free" departSpeed="max"/>
    <trip id="pc188" depart="864.66" from="-634224224" to="-518702967" type="pc" fromTaz="102" toTaz="201" departLane="free" departSpeed="max"/>
    <trip id="pc16" depart="869.60" from="518702967" to="634224224" type="pc" fromTaz="101" toTaz="202" departLane="free" departSpeed="max"/>
    <trip id="pc451" depart="869.67" from="379598682#0" to="-518702967" type="pc" fromTaz="104" toTaz="201" departLane="free" departSpeed="max"/>
    <trip id="pc270" depart="869.73" from="-634224224" to="183895355#1" type="pc" fromTaz="102" toTaz="204" departLane="free" departSpeed="max"/>
    <trip id="pc379" depart="870.97" from="-218769245#1" to="634224224" type="pc" fromTaz="103" toTaz="202" departLane="free" departSpeed="max"/>
    <trip id="pc133" depart="873.05" from="518702967" to="183895355#1" type="pc" fromTaz="101" toTaz="204" departLane="free" departSpeed="max"/>
    <trip id="pc169" depart="873.90" from="518702967" to="183895355#1" type="pc" fromTaz="101" toTaz="204" departLane="free" departSpeed="max"/>
    <trip id="pc290" depart="884.88" from="-218769245#1" to="-518702967" type="pc" fromTaz="103" toTaz="201" departLane="free" departSpeed="max"/>
    <trip id="pc335" depart="887.94" from="-218769245#1" to="-518702967" type="pc" fromTaz="103" toTaz="201" departLane="free" departSpeed="max"/>
    <trip id="pc466" depart="898.98" from="379598682#0" to="-518702967" type="pc" fromTaz="104" toTaz="201" departLane="free" departSpeed="max"/>
    <trip id="pc484" depart="902.01" from="379598682#0" to="-518702967" type="pc" fromTaz="104" toTaz="201" departLane="free" departSpeed="max"/>
    <trip id="pc529" depart="904.86" from="379598682#0" to="634224224" type="pc" fromTaz="104" toTaz="202" departLane="free" departSpeed="max"/>
    <trip id="pc12" depart="912.02" from="518702967" to="634224224" type="pc" fromTaz="101" toTaz="202" departLane="free" departSpeed="max"/>
    <trip id="pc170" depart="913.53" from="518702967" to="183895355#1" type="pc" fromTaz="101" toTaz="204" departLane="free" departSpeed="max"/>
    <trip id="pc40" depart="927.91" from="518702967" to="634224224" type="pc" fromTaz="101" toTaz="202" departLane="free" departSpeed="max"/>
    <trip id="pc488" depart="928.89" from="379598682#0" to="-518702967" type="pc" fromTaz="104" toTaz="201" departLane="free" departSpeed="max"/>
    <trip id="pc210" depart="937.58" from="-634224224" to="218769245#1" type="pc" fromTaz="102" toTaz="203" departLane="free" departSpeed="max"/>
    <trip id="pc386" depart="941.60" from="-218769245#1" to="634224224" type="pc" fromTaz="103" toTaz="202" departLane="free" departSpeed="max"/>
    <trip id="pc530" depart="946.31" from="379598682#0" to="634224224" type="pc" fromTaz="104" toTaz="202" departLane="free" departSpeed="max"/>
    <trip id="pc432" depart="948.57" from="-218769245#1" to="183895355#1" type="pc" fromTaz="103" toTaz="204" departLane="free" departSpeed="max"/>
    <trip id="pc326" depart="954.16" from="-218769245#1" to="-518702967" type="pc" fromTaz="103" toTaz="201" departLane="free" departSpeed="max"/>
    <trip id="pc547" depart="965.68" from="379598682#0" to="218769245#1" type="pc" fromTaz="104" toTaz="203" departLane="free" departSpeed="max"/>
    <trip id="pc427" depart="966.05" from="-218769245#1" to="183895355#1" type="pc" fromTaz="103" toTaz="204" departLane="free" departSpeed="max"/>
    <trip id="pc29" depart="972.03" from="518702967" to="634224224" type="pc" fromTaz="101" toTaz="202" departLane="free" departSpeed="max"/>
    <trip id="pc361" depart="1002.62" from="-218769245#1" to="-518702967" type="pc" fromTaz="103" toTaz="201" departLane="free" departSpeed="max"/>
    <trip id="pc276" depart="1006.70" from="-634224224" to="183895355#1" type="pc" fromTaz="102" toTaz="204" departLane="free" departSpeed="max"/>
    <trip id="pc156" depart="1010.05" from="518702967" to="183895355#1" type="pc" fromTaz="101" toTaz="204" departLane="free" departSpeed="max"/>
    <trip id="pc144" depart="1010.30" from="518702967" to="183895355#1" type="pc" fromTaz="101" toTaz="204" departLane="free" departSpeed="max"/>
    <trip id="pc139" depart="1025.76" from="518702967" to="183895355#1" type="pc" fromTaz="101" toTaz="204" departLane="free" departSpeed="max"/>
    <trip id="pc376" depart="1032.88" from="-218769245#1" to="634224224" type="pc" fromTaz="103" toTaz="202" departLane="free" departSpeed="max"/>
    <trip id="pc54" depart="1034.54" from="518702967" to="634224224" type="pc" fromTaz="101" toTaz="202" departLane="free" departSpeed="max"/>
    <trip id="pc507" depart="1038.14" from="379598682#0" to="634224224" type="pc" fromTaz="104" toTaz="202" departLane="free" departSpeed="max"/>
    <trip id="pc39" depart="1038.84" from="518702967" to="634224224" type="pc" fromTaz="101" toTaz="202" departLane="free" departSpeed="max"/>
    <trip id="pc187" depart="1049.38" from="-634224224" to="-518702967" type="pc" fromTaz="102" toTaz="201" departLane="free" departSpeed="max"/>
    <trip id="pc355" depart="1055.06" from="-218769245#1" to="-518702967" type="pc" fromTaz="103" toTaz="201" departLane="free" departSpeed="max"/>
    <trip id="pc504" depart="1055.55" from="379598682#0" to="634224224" type="pc" fromTaz="104" toTaz="202" departLane="free" departSpeed="max"/>
    <trip id="pc168" depart="1066.39" from="518702967" to="183895355#1" type="pc" fromTaz="101" toTaz="204" departLane="free" departSpeed="max"/>
    <trip id="pc492" depart="1073.38" from="379598682#0" to="-518702967" type="pc" fromTaz="104" toTaz="201" departLane="free" departSpeed="max"/>
    <trip id="pc524" depart="1079.46" from="379598682#0" to="634224224" type="pc" fromTaz="104" toTaz="202" departLane="free" departSpeed="max"/>
    <trip id="pc238" depart="1082.06" from="-634224224" to="183895355#1" type="pc" fromTaz="102" toTaz="204" departLane="free" departSpeed="max"/>
    <trip id="pc11" depart="1086.27" from="518702967" to="634224224" type="pc" fromTaz="101" toTaz="202" departLane="free" departSpeed="max"/>
    <trip id="pc202" depart="1088.28" from="-634224224" to="218769245#1" type="pc" fromTaz="102" toTaz="203" departLane="free" departSpeed="max"/>
    <trip id="pc463" depart="1094.10" from="379598682#0" to="-518702967" type="pc" fromTaz="104" toTaz="201" departLane="free" departSpeed="max"/>
    <trip id="pc317" depart="1108.54" from="-218769245#1" to="-518702967" type="pc" fromTaz="103" toTaz="201" departLane="free" departSpeed="max"/>
    <trip id="pc440" depart="1114.21" from="-218769245#1" to="183895355#1" type="pc" fromTaz="103" toTaz="204" departLane="free" departSpeed="max"/>
    <trip id="pc28" depart="1118.06" from="518702967" to="634224224" type="pc" fromTaz="101" toTaz="202" departLane="free" departSpeed="max"/>
    <trip id="pc521" depart="1121.67" from="379598682#0" to="634224224" type="pc" fromTaz="104" toTaz="202" departLane="free" departSpeed="max"/>
    <trip id="pc402" depart="1129.48" from="-218769245#1" to="634224224" type="pc" fromTaz="103" toTaz="202" departLane="free" departSpeed="max"/>
    <trip id="pc55" depart="1130.77" from="518702967" to="634224224" type="pc" fromTaz="101" toTaz="202" departLane="free" departSpeed="max"/>
    <trip id="pc470" depart="1132.57" from="379598682#0" to="-518702967" type="pc" fromTaz="104" toTaz="201" departLane="free" departSpeed="max"/>
    <trip id="pc296" depart="1144.44" from="-218769245#1" to="-518702967" type="pc" fromTaz="103" toTaz="201" departLane="free" departSpeed="max"/>
    <trip id="pc428" depart="1149.64" from="-218769245#1" to="183895355#1" type="pc" fromTaz="103" toTaz="204" departLane="free" departSpeed="max"/>
    <trip id="pc284" depart="1151.30" from="-218769245#1" to="-518702967" type="pc" fromTaz="103" toTaz="201" departLane="free" departSpeed="max"/>
    <trip id="pc115" depart="1162.90" from="518702967" to="183895355#1" type="pc" fromTaz="101" toTaz="204" departLane="free" departSpeed="max"/>
    <trip id="pc478" depart="1167.65" from="379598682#0" to="-518702967" type="pc" fromTaz="104" toTaz="201" departLane="free" departSpeed="max"/>
    <trip id="pc480" depart="1176.83" from="379598682#0" to="-518702967" type="pc" fromTaz="104" toTaz="201" departLane="free" departSpeed="max"/>
    <trip id="pc327" depart="1179.20" from="-218769245#1" to="-518702967" type="pc" fromTaz="103" toTaz="201" departLane="free" departSpeed="max"/>
    <trip id="pc455" depart="1188.37" from="379598682#0" to="-518702967" type="pc" fromTaz="104" toTaz="201" departLane="free" departSpeed="max"/>
    <trip id="pc506" depart="1198.43" from="379598682#0" to="634224224" type="pc" fromTaz="104" toTaz="202" departLane="free" departSpeed="max"/>
    <trip id="pc503" depart="1225.03" from="379598682#0" to="634224224" type="pc" fromTaz="104" toTaz="202" departLane="free" departSpeed="max"/>
    <trip id="pc212" depart="1226.79" from="-634224224" to="218769245#1" type="pc" fromTaz="102" toTaz="203" departLane="free" departSpeed="max"/>
    <trip id="pc315" depart="1229.91" from="-218769245#1" to="-518702967" type="pc" fromTaz="103" toTaz="201" departLane="free" departSpeed="max"/>
    <trip id="pc108" depart="1229.93" from="518702967" to="183895355#1" type="pc" fromTaz="101" toTaz="204" departLane="free" departSpeed="max"/>
    <trip id="pc161" depart="1238.62" from="518702967" to="183895355#1" type="pc" fromTaz="101" toTaz="204" departLane="free" departSpeed="max"/>
    <trip id="pc179" depart="1242.28" from="-634224224" to="-518702967" type="pc" fromTaz="102" toTaz="201" departLane="free" departSpeed="max"/>
    <trip id="pc69" depart="1256.12" from="518702967" to="634224224" type="pc" fromTaz="101" toTaz="202" departLane="free" departSpeed="max"/>
    <trip id="pc204" depart="1261.83" from="-634224224" to="218769245#1" type="pc" fromTaz="102" toTaz="203" departLane="free" departSpeed="max"/>
    <trip id="pc95" depart="1266.86" from="518702967" to="218769245#1" type="pc" fromTaz="101" toTaz="203" departLane="free" departSpeed="max"/>
    <trip id="pc495" depart="1274.04" from="379598682#0" to="-518702967" type="pc" fromTaz="104" toTaz="201" departLane="free" departSpeed="max"/>
    <trip id="pc104" depart="1287.14" from="518702967" to="183895355#1" type="pc" fromTaz="101" toTaz="204" departLane="free" departSpeed="max"/>
    <trip id="pc190" depart="1293.18" from="-634224224" to="-518702967" type="pc" fromTaz="102" toTaz="201" departLane="free" departSpeed="max"/>
    <trip id="pc225" depart="1299.24" from="-634224224" to="183895355#1" type="pc" fromTaz="102" toTaz="204" departLane="free" departSpeed="max"/>
    <trip id="pc35" depart="1302.21" from="518702967" to="634224224" type="pc" fromTaz="101" toTaz="202" departLane="free" departSpeed="max"/>
    <trip id="pc467" depart="1305.07" from="379598682#0" to="-518702967" type="pc" fromTaz="104" toTaz="201" departLane="free" departSpeed="max"/>
    <trip id="pc88" depart="1312.47" from="518702967" to="218769245#1" type="pc" fromTaz="101" toTaz="203" departLane="free" departSpeed="max"/>
    <trip id="pc244" depart="1312.62" from="-634224224" to="183895355#1" type="pc" fromTaz="102" toTaz="204" departLane="free" departSpeed="max"/>
    <trip id="pc75" depart="1320.54" from="518702967" to="634224224" type="pc" fromTaz="101" toTaz="202" departLane="free" departSpeed="max"/>
    <trip id="pc457" depart="1332.86" from="379598682#0" to="-518702967" type="pc" fromTaz="104" toTaz="201" departLane="free" departSpeed="max"/>
    <trip id="pc328" depart="1335.69" from="-218769245#1" to="-518702967" type="pc" fromTaz="103" toTaz="201" departLane="free" departSpeed="max"/>
    <trip id="pc78" depart="1336.43" from="518702967" to="634224224" type="pc" fromTaz="101" toTaz="202" departLane="free" departSpeed="max"/>
    <trip id="pc217" depart="1336.87" from="-634224224" to="218769245#1" type="pc" fromTaz="102" toTaz="203" departLane="free" departSpeed="max"/>
    <trip id="pc487" depart="1349.58" from="379598682#0" to="-518702967" type="pc" fromTaz="104" toTaz="201" departLane="free" departSpeed="max"/>
    <trip id="pc130" depart="1364.10" from="518702967" to="183895355#1" type="pc" fromTaz="101" toTaz="204" departLane="free" departSpeed="max"/>
    <trip id="pc518" depart="1371.01" from="379598682#0" to="634224224" type="pc" fromTaz="104" toTaz="202" departLane="free" departSpeed="max"/>
    <trip id="pc509" depart="1378.16" from="379598682#0" to="634224224" type="pc" fromTaz="104" toTaz="202" departLane="free" departSpeed="max"/>
    <trip id="pc300" depart="1394.65" from="-218769245#1" to="-518702967" type="pc" fromTaz="103" toTaz="201" departLane="free" departSpeed="max"/>
    <trip id="pc253" depart="1396.20" from="-634224224" to="183895355#1" type="pc" fromTaz="102" toTaz="204" departLane="free" departSpeed="max"/>
    <trip id="pc237" depart="1396.33" from="-634224224" to="183895355#1" type="pc" fromTaz="102" toTaz="204" departLane="free" departSpeed="max"/>
    <trip id="pc154" depart="1405.95" from="518702967" to="183895355#1" type="pc" fromTaz="101" toTaz="204" departLane="free" departSpeed="max"/>
    <trip id="pc421" depart="1406.14" from="-218769245#1" to="634224224" type="pc" fromTaz="103" toTaz="202" departLane="free" departSpeed="max"/>
    <trip id="pc121" depart="1407.79" from="518702967" to="183895355#1" type="pc" fromTaz="101" toTaz="204" departLane="free" departSpeed="max"/>
    <trip id="pc247" depart="1427.32" from="-634224224" to="183895355#1" type="pc" fromTaz="102" toTaz="204" departLane="free" departSpeed="max"/>
    <trip id="pc496" depart="1451.46" from="379598682#0" to="634224224" type="pc" fromTaz="104" toTaz="202" departLane="free" departSpeed="max"/>
    <trip id="pc325" depart="1454.20" from="-218769245#1" to="-518702967" type="pc" fromTaz="103" toTaz="201" departLane="free" departSpeed="max"/>
    <trip id="pc135" depart="1469.82" from="518702967" to="183895355#1" type="pc" fromTaz="101" toTaz="204" departLane="free" departSpeed="max"/>
    <trip id="pc357" depart="1473.07" from="-218769245#1" to="-518702967" type="pc" fromTaz="103" toTaz="201" departLane="free" departSpeed="max"/>
    <trip id="pc333" depart="1476.93" from="-218769245#1" to="-518702967" type="pc" fromTaz="103" toTaz="201" departLane="free" departSpeed="max"/>
    <trip id="pc474" depart="1479.68" from="379598682#0" to="-518702967" type="pc" fromTaz="104" toTaz="201" departLane="free" departSpeed="max"/>
    <trip id="pc431" depart="1498.73" from="-218769245#1" to="183895355#1" type="pc" fromTaz="103" toTaz="204" departLane="free" departSpeed="max"/>
    <trip id="pc517" depart="1499.89" from="379598682#0" to="634224224" type="pc" fromTaz="104" toTaz="202" departLane="free" departSpeed="max"/>
    <trip id="pc87" depart="1512.79" from="518702967" to="218769245#1" type="pc" fromTaz="101" toTaz="203" departLane="free" departSpeed="max"/>
    <trip id="pc260" depart="1514.14" from="-634224224" to="183895355#1" type="pc" fromTaz="102" toTaz="204" departLane="free" departSpeed="max"/>
    <trip id="pc281" depart="1516.12" from="-218769245#1" to="-518702967" type="pc" fromTaz="103" toTaz="201" departLane="free" departSpeed="max"/>
    <trip id="pc183" depart="1536.59" from="-634224224" to="-518702967" type="pc" fromTaz="102" toTaz="201" departLane="free" departSpeed="max"/>
    <trip id="pc163" depart="1537.58" from="518702967" to="183895355#1" type="pc" fromTaz="101" toTaz="204" departLane="free" departSpeed="max"/>
    <trip id="pc481" depart="1551.93" from="379598682#0" to="-518702967" type="pc" fromTaz="104" toTaz="201" departLane="free" departSpeed="max"/>
    <trip id="pc515" depart="1555.06" from="379598682#0" to="634224224" type="pc" fromTaz="104" toTaz="202" departLane="free" departSpeed="max"/>
    <trip id="pc8" depart="1580.77" from="518702967" to="634224224" type="pc" fromTaz="101" toTaz="202" departLane="free" departSpeed="max"/>
    <trip id="pc342" depart="1583.90" from="-218769245#1" to="-518702967" type="pc" fromTaz="103" toTaz="201" departLane="free" departSpeed="max"/>
    <trip id="pc381" depart="1584.35" from="-218769245#1" to="634224224" type="pc" fromTaz="103" toTaz="202" departLane="free" departSpeed="max"/>
    <trip id="pc162" depart="1593.62" from="518702967" to="183895355#1" type="pc" fromTaz="101" toTaz="204" departLane="free" departSpeed="max"/>
    <trip id="pc235" depart="1598.65" from="-634224224" to="183895355#1" type="pc" fromTaz="102" toTaz="204" departLane="free" departSpeed="max"/>
    <trip id="pc418" depart="1609.27" from="-218769245#1" to="634224224" type="pc" fromTaz="103" toTaz="202" departLane="free" departSpeed="max"/>
    <trip id="pc159" depart="1609.33" from="518702967" to="183895355#1" type="pc" fromTaz="101" toTaz="204" departLane="free" departSpeed="max"/>
    <trip id="pc414" depart="1614.82" from="-218769245#1" to="634224224" type="pc" fromTaz="103" toTaz="202" departLane="free" departSpeed="max"/>
    <trip id="pc382" depart="1620.17" from="-218769245#1" to="634224224" type="pc" fromTaz="103" toTaz="202" departLane="free" departSpeed="max"/>
    <trip id="pc145" depart="1620.66" from="518702967" to="183895355#1" type="pc" fromTaz="101" toTaz="204" departLane="free" departSpeed="max"/>
    <trip id="pc394" depart="1630.65" from="-218769245#1" to="634224224" type="pc" fromTaz="103" toTaz="202" departLane="free" departSpeed="max"/>
    <trip id="pc452" depart="1641.62" from="379598682#0" to="-518702967" type="pc" fromTaz="104" toTaz="201" departLane="free" departSpeed="max"/>
    <trip id="pc22" depart="1651.42" from="518702967" to="634224224" type="pc" fromTaz="101" toTaz="202" departLane="free" departSpeed="max"/>
    <trip id="pc542" depart="1651.98" from="379598682#0" to="218769245#1" type="pc" fromTaz="104" toTaz="203" departLane="free" departSpeed="max"/>
    <trip id="pc56" depart="1669.56" from="518702967" to="634224224" type="pc" fromTaz="101" toTaz="202" departLane="free" departSpeed="max"/>
    <trip id="pc292" depart="1679.21" from="-218769245#1" to="-518702967" type="pc" fromTaz="103" toTaz="201" departLane="free" departSpeed="max"/>
    <trip id="pc193" depart="1682.30" from="-634224224" to="218769245#1" type="pc" fromTaz="102" toTaz="203" departLane="free" departSpeed="max"/>
    <trip id="pc157" depart="1682.52" from="518702967" to="183895355#1" type="pc" fromTaz="101" toTaz="204" departLane="free" departSpeed="max"/>
    <trip id="pc58" depart="1684.20" from="518702967" to="634224224" type="pc" fromTaz="101" toTaz="202" departLane="free" departSpeed="max"/>
    <trip id="pc399" depart="1689.25" from="-218769245#1" to="634224224" type="pc" fromTaz="103" toTaz="202" departLane="free" departSpeed="max"/>
    <trip id="pc232" depart="1690.02" from="-634224224" to="183895355#1" type="pc" fromTaz="102" toTaz="204" departLane="free" departSpeed="max"/>
    <trip id="pc153" depart="1708.06" from="518702967" to="183895355#1" type="pc" fromTaz="101" toTaz="204" departLane="free" departSpeed="max"/>
    <trip id="pc449" depart="1712.64" from="-218769245#1" to="183895355#1" type="pc" fromTaz="103" toTaz="204" departLane="free" departSpeed="max"/>
    <trip id="pc450" depart="1727.07" from="-218769245#1" to="183895355#1" type="pc" fromTaz="103" toTaz="204" departLane="free" departSpeed="max"/>
    <trip id="pc295" depart="1734.61" from="-218769245#1" to="-518702967" type="pc" fromTaz="103" toTaz="201" departLane="free" departSpeed="max"/>
    <trip id="pc287" depart="1743.04" from="-218769245#1" to="-518702967" type="pc" fromTaz="103" toTaz="201" departLane="free" departSpeed="max"/>
    <trip id="pc302" depart="1762.21" from="-218769245#1" to="-518702967" type="pc" fromTaz="103" toTaz="201" departLane="free" departSpeed="max"/>
    <trip id="pc44" depart="1762.81" from="518702967" to="634224224" type="pc" fromTaz="101" toTaz="202" departLane="free" departSpeed="max"/>
    <trip id="pc32" depart="1763.21" from="518702967" to="634224224" type="pc" fromTaz="101" toTaz="202" departLane="free" departSpeed="max"/>
    <trip id="pc532" depart="1773.92" from="379598682#0" to="634224224" type="pc" fromTaz="104" toTaz="202" departLane="free" departSpeed="max"/>
    <trip id="pc228" depart="1775.13" from="-634224224" to="183895355#1" type="pc" fromTaz="102" toTaz="204" departLane="free" departSpeed="max"/>
    <trip id="pc143" depart="1780.20" from="518702967" to="183895355#1" type="pc" fromTaz="101" toTaz="204" departLane="free" departSpeed="max"/>
    <trip id="pc336" depart="1782.15" from="-218769245#1" to="-518702967" type="pc" fromTaz="103" toTaz="201" departLane="free" departSpeed="max"/>
    <trip id="pc445" depart="1806.06" from="-218769245#1" to="183895355#1" type="pc" fromTaz="103" toTaz="204" departLane="free" departSpeed="max"/>
    <trip id="pc256" depart="1809.77" from="-634224224" to="183895355#1" type="pc" fromTaz="102" toTaz="204" departLane="free" departSpeed="max"/>
    <trip id="pc199" depart="1810.52" from="-634224224" to="218769245#1" type="pc" fromTaz="102" toTaz="203" departLane="free" departSpeed="max"/>
    <trip id="pc234" depart="1812.21" from="-634224224" to="183895355#1" type="pc" fromTaz="102" toTaz="204" departLane="free" departSpeed="max"/>
    <trip id="pc359" depart="1816.96" from="-218769245#1" to="-518702967" type="pc" fromTaz="103" toTaz="201" departLane="free" departSpeed="max"/>
    <trip id="pc6" depart="1817.33" from="518702967" to="634224224" type="pc" fromTaz="101" toTaz="202" departLane="free" departSpeed="max"/>
    <trip id="pc214" depart="1820.63" from="-634224224" to="218769245#1" type="pc" fromTaz="102" toTaz="203" departLane="free" departSpeed="max"/>
    <trip id="pc48" depart="1822.07" from="518702967" to="634224224" type="pc" fromTaz="101" toTaz="202" departLane="free" departSpeed="max"/>
    <trip id="pc387" depart="1827.45" from="-218769245#1" to="634224224" type="pc" fromTaz="103" toTaz="202" departLane="free" departSpeed="max"/>
    <trip id="pc313" depart="1835.10" from="-218769245#1" to="-518702967" type="pc" fromTaz="103" toTaz="201" departLane="free" departSpeed="max"/>
    <trip id="pc353" depart="1836.13" from="-218769245#1" to="-518702967" type="pc" fromTaz="103" toTaz="201" departLane="free" departSpeed="max"/>
    <trip id="pc321" depart="1841.56" from="-218769245#1" to="-518702967" type="pc" fromTaz="103" toTaz="201" departLane="free" departSpeed="max"/>
    <trip id="pc2" depart="1847.70" from="518702967" to="634224224" type="pc" fromTaz="101" toTaz="202" departLane="free" departSpeed="max"/>
    <trip id="pc18" depart="1848.48" from="518702967" to="634224224" type="pc" fromTaz="101" toTaz="202" departLane="free" departSpeed="max"/>
    <trip id="pc122" depart="1849.67" from="518702967" to="183895355#1" type="pc" fromTaz="101" toTaz="204" departLane="free" departSpeed="max"/>
    <trip id="pc92" depart="1886.85" from="518702967" to="218769245#1" type="pc" fromTaz="101" toTaz="203" departLane="free" departSpeed="max"/>
    <trip id="pc85" depart="1889.34" from="518702967" to="218769245#1" type="pc" fromTaz="101" toTaz="203" departLane="free" departSpeed="max"/>
    <trip id="pc510" depart="1902.63" from="379598682#0" to="634224224" type="pc" fromTaz="104" toTaz="202" departLane="free" departSpeed="max"/>
    <trip id="pc186" depart="1909.02" from="-634224224" to="-518702967" type="pc" fromTaz="102" toTaz="201" departLane="free" departSpeed="max"/>
    <trip id="pc446" depart="1923.50" from="-218769245#1" to="183895355#1" type="pc" fromTaz="103" toTaz="204" departLane="free" departSpeed="max"/>
    <trip id="pc540" depart="1926.25" from="379598682#0" to="218769245#1" type="pc" fromTaz="104" toTaz="203" departLane="free" departSpeed="max"/>
    <trip id="pc123" depart="1932.75" from="518702967" to="183895355#1" type="pc" fromTaz="101" toTaz="204" departLane="free" departSpeed="max"/>
    <trip id="pc64" depart="1935.92" from="518702967" to="634224224" type="pc" fromTaz="101" toTaz="202" departLane="free" departSpeed="max"/>
    <trip id="pc25" depart="1943.63" from="518702967" to="634224224" type="pc" fromTaz="101" toTaz="202" departLane="free" departSpeed="max"/>
    <trip id="pc395" depart="1944.09" from="-218769245#1" to="634224224" type="pc" fromTaz="103" toTaz="202" departLane="free" departSpeed="max"/>
    <trip id="pc118" depart="1950.91" from="518702967" to="183895355#1" type="pc" fromTaz="101" toTaz="204" departLane="free" departSpeed="max"/>
    <trip id="pc57" depart="1972.95" from="518702967" to="634224224" type="pc" fromTaz="101" toTaz="202" departLane="free" departSpeed="max"/>
    <trip id="pc345" depart="1995.57" from="-218769245#1" to="-518702967" type="pc" fromTaz="103" toTaz="201" departLane="free" departSpeed="max"/>
    <trip id="pc171" depart="2006.33" from="518702967" to="183895355#1" type="pc" fromTaz="101" toTaz="204" departLane="free" departSpeed="max"/>
    <trip id="pc138" depart="2012.06" from="518702967" to="183895355#1" type="pc" fromTaz="101" toTaz="204" departLane="free" departSpeed="max"/>
    <trip id="pc473" depart="2022.25" from="379598682#0" to="-518702967" type="pc" fromTaz="104" toTaz="201" departLane="free" departSpeed="max"/>
    <trip id="pc13" depart="2039.96" from="518702967" to="634224224" type="pc" fromTaz="101" toTaz="202" departLane="free" departSpeed="max"/>
    <trip id="pc346" depart="2079.27" from="-218769245#1" to="-518702967" type="pc" fromTaz="103" toTaz="201" departLane="free" departSpeed="max"/>
    <trip id="pc285" depart="2090.70" from="-218769245#1" to="-518702967" type="pc" fromTaz="103" toTaz="201" departLane="free" departSpeed="max"/>
    <trip id="pc211" depart="2097.14" from="-634224224" to="218769245#1" type="pc" fromTaz="102" toTaz="203" departLane="free" departSpeed="max"/>
    <trip id="pc83" depart="2101.00" from="518702967" to="218769245#1" type="pc" fromTaz="101" toTaz="203" departLane="free" departSpeed="max"/>
    <trip id="pc45" depart="2104.54" from="518702967" to="634224224" type="pc" fromTaz="101" toTaz="202" departLane="free" departSpeed="max"/>
    <trip id="pc373" depart="2110.01" from="-218769245#1" to="634224224" type="pc" fromTaz="103" toTaz="202" departLane="free" departSpeed="max"/>
    <trip id="pc303" depart="2134.26" from="-218769245#1" to="-518702967" type="pc" fromTaz="103" toTaz="201" departLane="free" departSpeed="max"/>
    <trip id="pc278" depart="2136.58" from="-634224224" to="183895355#1" type="pc" fromTaz="102" toTaz="204" departLane="free" departSpeed="max"/>
    <trip id="pc66" depart="2137.39" from="518702967" to="634224224" type="pc" fromTaz="101" toTaz="202" departLane="free" departSpeed="max"/>
    <trip id="pc43" depart="2138.70" from="518702967" to="634224224" type="pc" fromTaz="101" toTaz="202" departLane="free" departSpeed="max"/>
    <trip id="pc283" depart="2150.38" from="-218769245#1" to="-518702967" type="pc" fromTaz="103" toTaz="201" departLane="free" departSpeed="max"/>
    <trip id="pc511" depart="2155.81" from="379598682#0" to="634224224" type="pc" fromTaz="104" toTaz="202" departLane="free" departSpeed="max"/>
    <trip id="pc34" depart="2169.75" from="518702967" to="634224224" type="pc" fromTaz="101" toTaz="202" departLane="free" departSpeed="max"/>
    <trip id="pc539" depart="2183.04" from="379598682#0" to="218769245#1" type="pc" fromTaz="104" toTaz="203" departLane="free" departSpeed="max"/>
    <trip id="pc215" depart="2187.63" from="-634224224" to="218769245#1" type="pc" fromTaz="102" toTaz="203" departLane="free" departSpeed="max"/>
    <trip id="pc201" depart="2195.42" from="-634224224" to="218769245#1" type="pc" fromTaz="102" toTaz="203" departLane="free" departSpeed="max"/>
    <trip id="pc46" depart="2198.82" from="518702967" to="634224224" type="pc" fromTaz="101" toTaz="202" departLane="free" departSpeed="max"/>
    <trip id="pc369" depart="2215.66" from="-218769245#1" to="634224224" type="pc" fromTaz="103" toTaz="202" departLane="free" departSpeed="max"/>
    <trip id="pc520" depart="2220.02" from="379598682#0" to="634224224" type="pc" fromTaz="104" toTaz="202" departLane="free" departSpeed="max"/>
    <trip id="pc479" depart="2233.68" from="379598682#0" to="-518702967" type="pc" fromTaz="104" toTaz="201" departLane="free" departSpeed="max"/>
    <trip id="pc20" depart="2239.54" from="518702967" to="634224224" type="pc" fromTaz="101" toTaz="202" departLane="free" departSpeed="max"/>
    <trip id="pc267" depart="2252.74" from="-634224224" to="183895355#1" type="pc" fromTaz="102" toTaz="204" departLane="free" departSpeed="max"/>
    <trip id="pc99" depart="2253.21" from="518702967" to="218769245#1" type="pc" fromTaz="101" toTaz="203" departLane="free" departSpeed="max"/>
    <trip id="pc301" depart="2253.48" from="-218769245#1" to="-518702967" type="pc" fromTaz="103" toTaz="201" departLane="free" departSpeed="max"/>
    <trip id="pc38" depart="2264.40" from="518702967" to="634224224" type="pc" fromTaz="101" toTaz="202" departLane="free" departSpeed="max"/>
    <trip id="pc349" depart="2267.71" from="-218769245#1" to="-518702967" type="pc" fromTaz="103" toTaz="201" departLane="free" departSpeed="max"/>
    <trip id="pc102" depart="2268.96" from="518702967" to="218769245#1" type="pc" fromTaz="101" toTaz="203" departLane="free" departSpeed="max"/>
    <trip id="pc483" depart="2270.23" from="379598682#0" to="-518702967" type="pc" fromTaz="104" toTaz="201" departLane="free" departSpeed="max"/>
    <trip id="pc477" depart="2275.68" from="379598682#0" to="-518702967" type="pc" fromTaz="104" toTaz="201" departLane="free" departSpeed="max"/>
    <trip id="pc37" depart="2276.89" from="518702967" to="634224224" type="pc" fromTaz="101" toTaz="202" departLane="free" departSpeed="max"/>
    <trip id="pc245" depart="2277.14" from="-634224224" to="183895355#1" type="pc" fromTaz="102" toTaz="204" departLane="free" departSpeed="max"/>
    <trip id="pc36" depart="2279.74" from="518702967" to="634224224" type="pc" fromTaz="101" toTaz="202" departLane="free" departSpeed="max"/>
    <trip id="pc358" depart="2285.33" from="-218769245#1" to="-518702967" type="pc" fromTaz="103" toTaz="201" departLane="free" departSpeed="max"/>
    <trip id="pc178" depart="2295.46" from="518702967" to="183895355#1" type="pc" fromTaz="101" toTaz="204" departLane="free" departSpeed="max"/>
    <trip id="pc364" depart="2298.14" from="-218769245#1" to="-518702967" type="pc" fromTaz="103" toTaz="201" departLane="free" departSpeed="max"/>
    <trip id="pc10" depart="2300.46" from="518702967" to="634224224" type="pc" fromTaz="101" toTaz="202" departLane="free" departSpeed="max"/>
    <trip id="pc174" depart="2306.92" from="518702967" to="183895355#1" type="pc" fromTaz="101" toTaz="204" departLane="free" departSpeed="max"/>
    <trip id="pc158" depart="2311.62" from="518702967" to="183895355#1" type="pc" fromTaz="101" toTaz="204" departLane="free" departSpeed="max"/>
    <trip id="pc435" depart="2344.55" from="-218769245#1" to="183895355#1" type="pc" fromTaz="103" toTaz="204" departLane="free" departSpeed="max"/>
    <trip id="pc322" depart="2354.88" from="-218769245#1" to="-518702967" type="pc" fromTaz="103" toTaz="201" departLane="free" departSpeed="max"/>
    <trip id="pc41" depart="2359.25" from="518702967" to="634224224" type="pc" fromTaz="101" toTaz="202" departLane="free" departSpeed="max"/>
    <trip id="pc486" depart="2363.53" from="379598682#0" to="-518702967" type="pc" fromTaz="104" toTaz="201" departLane="free" departSpeed="max"/>
    <trip id="pc148" depart="2368.14" from="518702967" to="183895355#1" type="pc" fromTaz="101" toTaz="204" departLane="free" departSpeed="max"/>
    <trip id="pc236" depart="2386.31" from="-634224224" to="183895355#1" type="pc" fromTaz="102" toTaz="204" departLane="free" departSpeed="max"/>
    <trip id="pc356" depart="2386.33" from="-218769245#1" to="-518702967" type="pc" fromTaz="103" toTaz="201" departLane="free" departSpeed="max"/>
    <trip id="pc378" depart="2386.99" from="-218769245#1" to="634224224" type="pc" fromTaz="103" toTaz="202" departLane="free" departSpeed="max"/>
    <trip id="pc173" depart="2394.16" from="518702967" to="183895355#1" type="pc" fromTaz="101" toTaz="204" departLane="free" departSpeed="max"/>
    <trip id="pc392" depart="2402.41" from="-218769245#1" to="634224224" type="pc" fromTaz="103" toTaz="202" departLane="free" departSpeed="max"/>
    <trip id="pc47" depart="2402.94" from="518702967" to="634224224" type="pc" fromTaz="101" toTaz="202" departLane="free" departSpeed="max"/>
    <trip id="pc80" depart="2404.25" from="518702967" to="218769245#1" type="pc" fromTaz="101" toTaz="203" departLane="free" departSpeed="max"/>
    <trip id="pc447" depart="2408.39" from="-218769245#1" to="183895355#1" type="pc" fromTaz="103" toTaz="204" departLane="free" departSpeed="max"/>
    <trip id="pc347" depart="2414.93" from="-218769245#1" to="-518702967" type="pc" fromTaz="103" toTaz="201" departLane="free" departSpeed="max"/>
    <trip id="pc109" depart="2416.61" from="518702967" to="183895355#1" type="pc" fromTaz="101" toTaz="204" departLane="free" departSpeed="max"/>
    <trip id="pc420" depart="2417.87" from="-218769245#1" to="634224224" type="pc" fromTaz="103" toTaz="202" departLane="free" departSpeed="max"/>
    <trip id="pc273" depart="2418.54" from="-634224224" to="183895355#1" type="pc" fromTaz="102" toTaz="204" departLane="free" departSpeed="max"/>
    <trip id="pc220" depart="2420.13" from="-634224224" to="183895355#1" type="pc" fromTaz="102" toTaz="204" departLane="free" departSpeed="max"/>
    <trip id="pc318" depart="2431.34" from="-218769245#1" to="-518702967" type="pc" fromTaz="103" toTaz="201" departLane="free" departSpeed="max"/>
    <trip id="pc126" depart="2431.38" from="518702967" to="183895355#1" type="pc" fromTaz="101" toTaz="204" departLane="free" departSpeed="max"/>
    <trip id="pc265" depart="2433.75" from="-634224224" to="183895355#1" type="pc" fromTaz="102" toTaz="204" departLane="free" departSpeed="max"/>
    <trip id="pc21" depart="2436.32" from="518702967" to="634224224" type="pc" fromTaz="101" toTaz="202" departLane="free" departSpeed="max"/>
    <trip id="pc79" depart="2440.80" from="518702967" to="634224224" type="pc" fromTaz="101" toTaz="202" departLane="free" departSpeed="max"/>
    <trip id="pc160" depart="2442.46" from="518702967" to="183895355#1" type="pc" fromTaz="101" toTaz="204" departLane="free" departSpeed="max"/>
    <trip id="pc384" depart="2467.76" from="-218769245#1" to="634224224" type="pc" fromTaz="103" toTaz="202" departLane="free" departSpeed="max"/>
    <trip id="pc279" depart="2468.40" from="-218769245#1" to="-518702967" type="pc" fromTaz="103" toTaz="201" departLane="free" departSpeed="max"/>
    <trip id="pc298" depart="2469.99" from="-218769245#1" to="-518702967" type="pc" fromTaz="103" toTaz="201" departLane="free" departSpeed="max"/>
    <trip id="pc458" depart="2485.71" from="379598682#0" to="-518702967" type="pc" fromTaz="104" toTaz="201" departLane="free" departSpeed="max"/>
    <trip id="pc0" depart="2488.08" from="518702967" to="634224224" type="pc" fromTaz="101" toTaz="202" departLane="free" departSpeed="max"/>
    <trip id="pc107" depart="2495.64" from="518702967" to="183895355#1" type="pc" fromTaz="101" toTaz="204" departLane="free" departSpeed="max"/>
    <trip id="pc519" depart="2513.38" from="379598682#0" to="634224224" type="pc" fromTaz="104" toTaz="202" departLane="free" departSpeed="max"/>
    <trip id="pc67" depart="2531.01" from="518702967" to="634224224" type="pc" fromTaz="101" toTaz="202" departLane="free" departSpeed="max"/>
    <trip id="pc184" depart="2532.82" from="-634224224" to="-518702967" type="pc" fromTaz="102" toTaz="201" departLane="free" departSpeed="max"/>
    <trip id="pc544" depart="2535.88" from="379598682#0" to="218769245#1" type="pc" fromTaz="104" toTaz="203" departLane="free" departSpeed="max"/>
    <trip id="pc72" depart="2537.50" from="518702967" to="634224224" type="pc" fromTaz="101" toTaz="202" departLane="free" departSpeed="max"/>
    <trip id="pc299" depart="2541.66" from="-218769245#1" to="-518702967" type="pc" fromTaz="103" toTaz="201" departLane="free" departSpeed="max"/>
    <trip id="pc165" depart="2543.65" from="518702967" to="183895355#1" type="pc" fromTaz="101" toTaz="204" departLane="free" departSpeed="max"/>
    <trip id="pc443" depart="2547.60" from="-218769245#1" to="183895355#1" type="pc" fromTaz="103" toTaz="204" departLane="free" departSpeed="max"/>
    <trip id="pc436" depart="2555.69" from="-218769245#1" to="183895355#1" type="pc" fromTaz="103" toTaz="204" departLane="free" departSpeed="max"/>
    <trip id="pc412" depart="2560.31" from="-218769245#1" to="634224224" type="pc" fromTaz="103" toTaz="202" departLane="free" departSpeed="max"/>
    <trip id="pc74" depart="2571.59" from="518702967" to="634224224" type="pc" fromTaz="101" toTaz="202" departLane="free" departSpeed="max"/>
    <trip id="pc152" depart="2573.06" from="518702967" to="183895355#1" type="pc" fromTaz="101" toTaz="204" departLane="free" departSpeed="max"/>
    <trip id="pc439" depart="2575.26" from="-218769245#1" to="183895355#1" type="pc" fromTaz="103" toTaz="204" departLane="free" departSpeed="max"/>
    <trip id="pc438" depart="2579.81" from="-218769245#1" to="183895355#1" type="pc" fromTaz="103" toTaz="204" departLane="free" departSpeed="max"/>
    <trip id="pc76" depart="2581.58" from="518702967" to="634224224" type="pc" fromTaz="101" toTaz="202" departLane="free" departSpeed="max"/>
    <trip id="pc338" depart="2583.69" from="-218769245#1" to="-518702967" type="pc" fromTaz="103" toTaz="201" departLane="free" departSpeed="max"/>
    <trip id="pc134" depart="2585.76" from="518702967" to="183895355#1" type="pc" fromTaz="101" toTaz="204" departLane="free" departSpeed="max"/>
    <trip id="pc231" depart="2586.76" from="-634224224" to="183895355#1" type="pc" fromTaz="102" toTaz="204" departLane="free" departSpeed="max"/>
    <trip id="pc311" depart="2592.89" from="-218769245#1" to="-518702967" type="pc" fromTaz="103" toTaz="201" departLane="free" departSpeed="max"/>
    <trip id="pc255" depart="2594.13" from="-634224224" to="183895355#1" type="pc" fromTaz="102" toTaz="204" departLane="free" departSpeed="max"/>
    <trip id="pc224" depart="2596.25" from="-634224224" to="183895355#1" type="pc" fromTaz="102" toTaz="204" departLane="free" departSpeed="max"/>
    <trip id="pc191" depart="2599.27" from="-634224224" to="218769245#1" type="pc" fromTaz="102" toTaz="203" departLane="free" departSpeed="max"/>
    <trip id="pc147" depart="2609.20" from="518702967" to="183895355#1" type="pc" fromTaz="101" toTaz="204" departLane="free" departSpeed="max"/>
    <trip id="pc491" depart="2620.57" from="379598682#0" to="-518702967" type="pc" fromTaz="104" toTaz="201" departLane="free" departSpeed="max"/>
    <trip id="pc198" depart="2623.45" from="-634224224" to="218769245#1" type="pc" fromTaz="102" toTaz="203" departLane="free" departSpeed="max"/>
    <trip id="pc59" depart="2624.03" from="518702967" to="634224224" type="pc" fromTaz="101" toTaz="202" departLane="free" departSpeed="max"/>
    <trip id="pc416" depart="2634.01" from="-218769245#1" to="634224224" type="pc" fromTaz="103" toTaz="202" departLane="free" departSpeed="max"/>
    <trip id="pc249" depart="2634.26" from="-634224224" to="183895355#1" type="pc" fromTaz="102" toTaz="204" departLane="free" departSpeed="max"/>
    <trip id="pc209" depart="2634.72" from="-634224224" to="218769245#1" type="pc" fromTaz="102" toTaz="203" departLane="free" departSpeed="max"/>
    <trip id="pc319" depart="2637.52" from="-218769245#1" to="-518702967" type="pc" fromTaz="103" toTaz="201" departLane="free" departSpeed="max"/>
    <trip id="pc367" depart="2638.81" from="-218769245#1" to="634224224" type="pc" fromTaz="103" toTaz="202" departLane="free" departSpeed="max"/>
    <trip id="pc497" depart="2644.94" from="379598682#0" to="634224224" type="pc" fromTaz="104" toTaz="202" departLane="free" departSpeed="max"/>
    <trip id="pc385" depart="2652.04" from="-218769245#1" to="634224224" type="pc" fromTaz="103" toTaz="202" departLane="free" departSpeed="max"/>
    <trip id="pc533" depart="2654.45" from="379598682#0" to="218769245#1" type="pc" fromTaz="104" toTaz="203" departLane="free" departSpeed="max"/>
    <trip id="pc462" depart="2660.26" from="379598682#0" to="-518702967" type="pc" fromTaz="104" toTaz="201" departLane="free" departSpeed="max"/>
    <trip id="pc403" depart="2686.52" from="-218769245#1" to="634224224" type="pc" fromTaz="103" toTaz="202" departLane="free" departSpeed="max"/>
    <trip id="pc320" depart="2690.21" from="-218769245#1" to="-518702967" type="pc" fromTaz="103" toTaz="201" departLane="free" departSpeed="max"/>
    <trip id="pc286" depart="2691.76" from="-218769245#1" to="-518702967" type="pc" fromTaz="103" toTaz="201" departLane="free" departSpeed="max"/>
    <trip id="pc226" depart="2692.95" from="-634224224" to="183895355#1" type="pc" fromTaz="102" toTaz="204" departLane="free" departSpeed="max"/>
    <trip id="pc309" depart="2693.17" from="-218769245#1" to="-518702967" type="pc" fromTaz="103" toTaz="201" departLane="free" departSpeed="max"/>
    <trip id="pc208" depart="2701.32" from="-634224224" to="218769245#1" type="pc" fromTaz="102" toTaz="203" departLane="free" departSpeed="max"/>
    <trip id="pc501" depart="2705.77" from="379598682#0" to="634224224" type="pc" fromTaz="104" toTaz="202" departLane="free" departSpeed="max"/>
    <trip id="pc513" depart="2717.25" from="379598682#0" to="634224224" type="pc" fromTaz="104" toTaz="202" departLane="free" departSpeed="max"/>
    <trip id="pc525" depart="2717.92" from="379598682#0" to="634224224" type="pc" fromTaz="104" toTaz="202" departLane="free" departSpeed="max"/>
    <trip id="pc246" depart="2720.57" from="-634224224" to="183895355#1" type="pc" fromTaz="102" toTaz="204" departLane="free" departSpeed="max"/>
    <trip id="pc456" depart="2722.51" from="379598682#0" to="-518702967" type="pc" fromTaz="104" toTaz="201" departLane="free" departSpeed="max"/>
    <trip id="pc528" depart="2741.08" from="379598682#0" to="634224224" type="pc" fromTaz="104" toTaz="202" departLane="free" departSpeed="max"/>
    <trip id="pc117" depart="2755.62" from="518702967" to="183895355#1" type="pc" fromTaz="101" toTaz="204" departLane="free" departSpeed="max"/>
    <trip id="pc425" depart="2768.20" from="-218769245#1" to="634224224" type="pc" fromTaz="103" toTaz="202" departLane="free" departSpeed="max"/>
    <trip id="pc223" depart="2769.21" from="-634224224" to="183895355#1" type="pc" fromTaz="102" toTaz="204" departLane="free" departSpeed="max"/>
    <trip id="pc213" depart="2790.16" from="-634224224" to="218769245#1" type="pc" fromTaz="102" toTaz="203" departLane="free" departSpeed="max"/>
    <trip id="pc233" depart="2790.73" from="-634224224" to="183895355#1" type="pc" fromTaz="102" toTaz="204" departLane="free" departSpeed="max"/>
    <trip id="pc482" depart="2794.07" from="379598682#0" to="-518702967" type="pc" fromTaz="104" toTaz="201" departLane="free" departSpeed="max"/>
    <trip id="pc368" depart="2795.82" from="-218769245#1" to="634224224" type="pc" fromTaz="103" toTaz="202" departLane="free" departSpeed="max"/>
    <trip id="pc380" depart="2796.63" from="-218769245#1" to="634224224" type="pc" fromTaz="103" toTaz="202" departLane="free" departSpeed="max"/>
    <trip id="pc242" depart="2803.80" from="-634224224" to="183895355#1" type="pc" fromTaz="102" toTaz="204" departLane="free" departSpeed="max"/>
    <trip id="pc51" depart="2807.46" from="518702967" to="634224224" type="pc" fromTaz="101" toTaz="202" departLane="free" departSpeed="max"/>
    <trip id="pc251" depart="2821.36" from="-634224224" to="183895355#1" type="pc" fromTaz="102" toTaz="204" departLane="free" departSpeed="max"/>
    <trip id="pc314" depart="2828.21" from="-218769245#1" to="-518702967" type="pc" fromTaz="103" toTaz="201" departLane="free" departSpeed="max"/>
    <trip id="pc465" depart="2831.69" from="379598682#0" to="-518702967" type="pc" fromTaz="104" toTaz="201" departLane="free" departSpeed="max"/>
    <trip id="pc494" depart="2840.90" from="379598682#0" to="-518702967" type="pc" fromTaz="104" toTaz="201" departLane="free" departSpeed="max"/>
    <trip id="pc155" depart="2846.98" from="518702967" to="183895355#1" type="pc" fromTaz="101" toTaz="204" departLane="free" departSpeed="max"/>
    <trip id="pc308" depart="2850.68" from="-218769245#1" to="-518702967" type="pc" fromTaz="103" toTaz="201" departLane="free" departSpeed="max"/>
    <trip id="pc86" depart="2851.76" from="518702967" to="218769245#1" type="pc" fromTaz="101" toTaz="203" departLane="free" departSpeed="max"/>
    <trip id="pc71" depart="2853.62" from="518702967" to="634224224" type="pc" fromTaz="101" toTaz="202" departLane="free" departSpeed="max"/>
    <trip id="pc389" depart="2854.70" from="-218769245#1" to="634224224" type="pc" fromTaz="103" toTaz="202" departLane="free" departSpeed="max"/>
    <trip id="pc271" depart="2859.12" from="-634224224" to="183895355#1" type="pc" fromTaz="102" toTaz="204" departLane="free" departSpeed="max"/>
    <trip id="pc176" depart="2877.51" from="518702967" to="183895355#1" type="pc" fromTaz="101" toTaz="204" departLane="free" departSpeed="max"/>
    <trip id="pc200" depart="2886.10" from="-634224224" to="218769245#1" type="pc" fromTaz="102" toTaz="203" departLane="free" departSpeed="max"/>
    <trip id="pc461" depart="2898.37" from="379598682#0" to="-518702967" type="pc" fromTaz="104" toTaz="201" departLane="free" departSpeed="max"/>
    <trip id="pc498" depart="2901.21" from="379598682#0" to="634224224" type="pc" fromTaz="104" toTaz="202" departLane="free" departSpeed="max"/>
    <trip id="pc93" depart="2913.56" from="518702967" to="218769245#1" type="pc" fromTaz="101" toTaz="203" departLane="free" departSpeed="max"/>
    <trip id="pc167" depart="2929.72" from="518702967" to="183895355#1" type="pc" fromTaz="101" toTaz="204" departLane="free" departSpeed="max"/>
    <trip id="pc305" depart="2932.15" from="-218769245#1" to="-518702967" type="pc" fromTaz="103" toTaz="201" departLane="free" departSpeed="max"/>
    <trip id="pc252" depart="2936.74" from="-634224224" to="183895355#1" type="pc" fromTaz="102" toTaz="204" departLane="free" departSpeed="max"/>
    <trip id="pc197" depart="2942.84" from="-634224224" to="218769245#1" type="pc" fromTaz="102" toTaz="203" departLane="free" departSpeed="max"/>
    <trip id="pc229" depart="2945.58" from="-634224224" to="183895355#1" type="pc" fromTaz="102" toTaz="204" departLane="free" departSpeed="max"/>
    <trip id="pc4" depart="2950.16" from="518702967" to="634224224" type="pc" fromTaz="101" toTaz="202" departLane="free" departSpeed="max"/>
    <trip id="pc120" depart="2951.61" from="518702967" to="183895355#1" type="pc" fromTaz="101" toTaz="204" departLane="free" departSpeed="max"/>
    <trip id="pc366" depart="2951.65" from="-218769245#1" to="-518702967" type="pc" fromTaz="103" toTaz="201" departLane="free" departSpeed="max"/>
    <trip id="pc512" depart="2956.56" from="379598682#0" to="634224224" type="pc" fromTaz="104" toTaz="202" departLane="free" departSpeed="max"/>
    <trip id="pc219" depart="2963.32" from="-634224224" to="183895355#1" type="pc" fromTaz="102" toTaz="204" departLane="free" departSpeed="max"/>
    <trip id="pc119" depart="2982.05" from="518702967" to="183895355#1" type="pc" fromTaz="101" toTaz="204" departLane="free" departSpeed="max"/>
    <trip id="pc140" depart="2986.29" from="518702967" to="183895355#1" type="pc" fromTaz="101" toTaz="204" departLane="free" departSpeed="max"/>
    <trip id="pc263" depart="2992.52" from="-634224224" to="183895355#1" type="pc" fromTaz="102" toTaz="204" departLane="free" departSpeed="max"/>
    <trip id="pc535" depart="2994.11" from="379598682#0" to="218769245#1" type="pc" fromTaz="104" toTaz="203" departLane="free" departSpeed="max"/>
    <trip id="pc471" depart="2998.05" from="379598682#0" to="-518702967" type="pc" fromTaz="104" toTaz="201" departLane="free" departSpeed="max"/>
    <trip id="pc288" depart="3004.63" from="-218769245#1" to="-518702967" type="pc" fromTaz="103" toTaz="201" departLane="free" departSpeed="max"/>
    <trip id="pc268" depart="3012.32" from="-634224224" to="183895355#1" type="pc" fromTaz="102" toTaz="204" departLane="free" departSpeed="max"/>
    <trip id="pc448" depart="3025.03" from="-218769245#1" to="183895355#1" type="pc" fromTaz="103" toTaz="204" departLane="free" departSpeed="max"/>
    <trip id="pc89" depart="3029.70" from="518702967" to="218769245#1" type="pc" fromTaz="101" toTaz="203" departLane="free" departSpeed="max"/>
    <trip id="pc337" depart="3038.75" from="-218769245#1" to="-518702967" type="pc" fromTaz="103" toTaz="201" departLane="free" departSpeed="max"/>
    <trip id="pc240" depart="3041.47" from="-634224224" to="183895355#1" type="pc" fromTaz="102" toTaz="204" departLane="free" departSpeed="max"/>
    <trip id="pc250" depart="3043.22" from="-634224224" to="183895355#1" type="pc" fromTaz="102" toTaz="204" departLane="free" departSpeed="max"/>
    <trip id="pc129" depart="3043.58" from="518702967" to="183895355#1" type="pc" fromTaz="101" toTaz="204" departLane="free" departSpeed="max"/>
    <trip id="pc150" depart="3054.41" from="518702967" to="183895355#1" type="pc" fromTaz="101" toTaz="204" departLane="free" departSpeed="max"/>
    <trip id="pc437" depart="3060.92" from="-218769245#1" to="183895355#1" type="pc" fromTaz="103" toTaz="204" departLane="free" departSpeed="max"/>
    <trip id="pc343" depart="3065.26" from="-218769245#1" to="-518702967" type="pc" fromTaz="103" toTaz="201" departLane="free" departSpeed="max"/>
    <trip id="pc312" depart="3069.26" from="-218769245#1" to="-518702967" type="pc" fromTaz="103" toTaz="201" departLane="free" departSpeed="max"/>
    <trip id="pc216" depart="3069.64" from="-634224224" to="218769245#1" type="pc" fromTaz="102" toTaz="203" departLane="free" departSpeed="max"/>
    <trip id="pc124" depart="3072.43" from="518702967" to="183895355#1" type="pc" fromTaz="101" toTaz="204" departLane="free" departSpeed="max"/>
    <trip id="pc84" depart="3079.57" from="518702967" to="218769245#1" type="pc" fromTaz="101" toTaz="203" departLane="free" departSpeed="max"/>
    <trip id="pc289" depart="3090.36" from="-218769245#1" to="-518702967" type="pc" fromTaz="103" toTaz="201" departLane="free" departSpeed="max"/>
    <trip id="pc132" depart="3096.71" from="518702967" to="183895355#1" type="pc" fromTaz="101" toTaz="204" departLane="free" departSpeed="max"/>
    <trip id="pc493" depart="3105.57" from="379598682#0" to="-518702967" type="pc" fromTaz="104" toTaz="201" departLane="free" departSpeed="max"/>
    <trip id="pc185" depart="3108.96" from="-634224224" to="-518702967" type="pc" fromTaz="102" toTaz="201" departLane="free" departSpeed="max"/>
    <trip id="pc222" depart="3116.95" from="-634224224" to="183895355#1" type="pc" fromTaz="102" toTaz="204" departLane="free" departSpeed="max"/>
    <trip id="pc280" depart="3117.72" from="-218769245#1" to="-518702967" type="pc" fromTaz="103" toTaz="201" departLane="free" departSpeed="max"/>
    <trip id="pc114" depart="3126.01" from="518702967" to="183895355#1" type="pc" fromTaz="101" toTaz="204" departLane="free" departSpeed="max"/>
    <trip id="pc282" depart="3141.88" from="-218769245#1" to="-518702967" type="pc" fromTaz="103" toTaz="201" departLane="free" departSpeed="max"/>
    <trip id="pc111" depart="3163.23" from="518702967" to="183895355#1" type="pc" fromTaz="101" toTaz="204" departLane="free" departSpeed="max"/>
    <trip id="pc377" depart="3163.48" from="-218769245#1" to="634224224" type="pc" fromTaz="103" toTaz="202" departLane="free" departSpeed="max"/>
    <trip id="pc23" depart="3181.59" from="518702967" to="634224224" type="pc" fromTaz="101" toTaz="202" departLane="free" departSpeed="max"/>
    <trip id="pc339" depart="3181.81" from="-218769245#1" to="-518702967" type="pc" fromTaz="103" toTaz="201" departLane="free" departSpeed="max"/>
    <trip id="pc259" depart="3182.42" from="-634224224" to="183895355#1" type="pc" fromTaz="102" toTaz="204" departLane="free" departSpeed="max"/>
    <trip id="pc475" depart="3190.39" from="379598682#0" to="-518702967" type="pc" fromTaz="104" toTaz="201" departLane="free" departSpeed="max"/>
    <trip id="pc182" depart="3199.21" from="-634224224" to="-518702967" type="pc" fromTaz="102" toTaz="201" departLane="free" departSpeed="max"/>
    <trip id="pc459" depart="3200.33" from="379598682#0" to="-518702967" type="pc" fromTaz="104" toTaz="201" departLane="free" departSpeed="max"/>
    <trip id="pc192" depart="3234.64" from="-634224224" to="218769245#1" type="pc" fromTaz="102" toTaz="203" departLane="free" departSpeed="max"/>
    <trip id="pc277" depart="3235.57" from="-634224224" to="183895355#1" type="pc" fromTaz="102" toTaz="204" departLane="free" departSpeed="max"/>
    <trip id="pc393" depart="3241.97" from="-218769245#1" to="634224224" type="pc" fromTaz="103" toTaz="202" departLane="free" departSpeed="max"/>
    <trip id="pc407" depart="3243.40" from="-218769245#1" to="634224224" type="pc" fromTaz="103" toTaz="202" departLane="free" departSpeed="max"/>
    <trip id="pc304" depart="3253.84" from="-218769245#1" to="-518702967" type="pc" fromTaz="103" toTaz="201" departLane="free" departSpeed="max"/>
    <trip id="pc383" depart="3259.43" from="-218769245#1" to="634224224" type="pc" fromTaz="103" toTaz="202" departLane="free" departSpeed="max"/>
    <trip id="pc363" depart="3261.34" from="-218769245#1" to="-518702967" type="pc" fromTaz="103" toTaz="201" departLane="free" departSpeed="max"/>
    <trip id="pc248" depart="3262.76" from="-634224224" to="183895355#1" type="pc" fromTaz="102" toTaz="204" departLane="free" departSpeed="max"/>
    <trip id="pc433" depart="3263.73" from="-218769245#1" to="183895355#1" type="pc" fromTaz="103" toTaz="204" departLane="free" departSpeed="max"/>
    <trip id="pc352" depart="3266.24" from="-218769245#1" to="-518702967" type="pc" fromTaz="103" toTaz="201" departLane="free" departSpeed="max"/>
    <trip id="pc344" depart="3274.93" from="-218769245#1" to="-518702967" type="pc" fromTaz="103" toTaz="201" departLane="free" departSpeed="max"/>
    <trip id="pc137" depart="3282.68" from="518702967" to="183895355#1" type="pc" fromTaz="101" toTaz="204" departLane="free" departSpeed="max"/>
    <trip id="pc546" depart="3286.31" from="379598682#0" to="218769245#1" type="pc" fromTaz="104" toTaz="203" departLane="free" departSpeed="max"/>
    <trip id="pc194" depart="3294.66" from="-634224224" to="218769245#1" type="pc" fromTaz="102" toTaz="203" departLane="free" departSpeed="max"/>
    <trip id="pc131" depart="3297.18" from="518702967" to="183895355#1" type="pc" fromTaz="101" toTaz="204" departLane="free" departSpeed="max"/>
    <trip id="pc476" depart="3302.30" from="379598682#0" to="-518702967" type="pc" fromTaz="104" toTaz="201" departLane="free" departSpeed="max"/>
    <trip id="pc166" depart="3316.85" from="518702967" to="183895355#1" type="pc" fromTaz="101" toTaz="204" departLane="free" departSpeed="max"/>
    <trip id="pc329" depart="3351.02" from="-218769245#1" to="-518702967" type="pc" fromTaz="103" toTaz="201" departLane="free" departSpeed="max"/>
    <trip id="pc522" depart="3355.26" from="379598682#0" to="634224224" type="pc" fromTaz="104" toTaz="202" departLane="free" departSpeed="max"/>
    <trip id="pc96" depart="3365.36" from="518702967" to="218769245#1" type="pc" fromTaz="101" toTaz="203" departLane="free" departSpeed="max"/>
    <trip id="pc405" depart="3368.75" from="-218769245#1" to="634224224" type="pc" fromTaz="103" toTaz="202" departLane="free" departSpeed="max"/>
    <trip id="pc181" depart="3374.33" from="-634224224" to="-518702967" type="pc" fromTaz="102" toTaz="201" departLane="free" departSpeed="max"/>
    <trip id="pc424" depart="3381.02" from="-218769245#1" to="634224224" type="pc" fromTaz="103" toTaz="202" departLane="free" departSpeed="max"/>
    <trip id="pc31" depart="3381.69" from="518702967" to="634224224" type="pc" fromTaz="101" toTaz="202" departLane="free" departSpeed="max"/>
    <trip id="pc351" depart="3389.24" from="-218769245#1" to="-518702967" type="pc" fromTaz="103" toTaz="201" departLane="free" departSpeed="max"/>
    <trip id="pc53" depart="3425.09" from="518702967" to="634224224" type="pc" fromTaz="101" toTaz="202" departLane="free" departSpeed="max"/>
    <trip id="pc98" depart="3435.74" from="518702967" to="218769245#1" type="pc" fromTaz="101" toTaz="203" departLane="free" departSpeed="max"/>
    <trip id="pc362" depart="3452.46" from="-218769245#1" to="-518702967" type="pc" fromTaz="103" toTaz="201" departLane="free" departSpeed="max"/>
    <trip id="pc417" depart="3454.58" from="-218769245#1" to="634224224" type="pc" fromTaz="103" toTaz="202" departLane="free" departSpeed="max"/>
    <trip id="pc340" depart="3468.15" from="-218769245#1" to="-518702967" type="pc" fromTaz="103" toTaz="201" departLane="free" departSpeed="max"/>
    <trip id="pc408" depart="3476.09" from="-218769245#1" to="634224224" type="pc" fromTaz="103" toTaz="202" departLane="free" departSpeed="max"/>
    <trip id="pc350" depart="3490.81" from="-218769245#1" to="-518702967" type="pc" fromTaz="103" toTaz="201" departLane="free" departSpeed="max"/>
    <trip id="pc230" depart="3498.49" from="-634224224" to="183895355#1" type="pc" fromTaz="102" toTaz="204" departLane="free" departSpeed="max"/>
    <trip id="pc113" depart="3523.70" from="518702967" to="183895355#1" type="pc" fromTaz="101" toTaz="204" departLane="free" departSpeed="max"/>
    <trip id="pc241" depart="3533.43" from="-634224224" to="183895355#1" type="pc" fromTaz="102" toTaz="204" departLane="free" departSpeed="max"/>
    <trip id="pc527" depart="3541.21" from="379598682#0" to="634224224" type="pc" fromTaz="104" toTaz="202" departLane="free" departSpeed="max"/>
    <trip id="pc103" depart="3545.48" from="518702967" to="218769245#1" type="pc" fromTaz="101" toTaz="203" departLane="free" departSpeed="max"/>
    <trip id="pc422" depart="3545.62" from="-218769245#1" to="634224224" type="pc" fromTaz="103" toTaz="202" departLane="free" departSpeed="max"/>
    <trip id="pc374" depart="3547.49" from="-218769245#1" to="634224224" type="pc" fromTaz="103" toTaz="202" departLane="free" departSpeed="max"/>
    <trip id="pc293" depart="3554.81" from="-218769245#1" to="-518702967" type="pc" fromTaz="103" toTaz="201" departLane="free" departSpeed="max"/>
    <trip id="pc502" depart="3566.23" from="379598682#0" to="634224224" type="pc" fromTaz="104" toTaz="202" departLane="free" departSpeed="max"/>
    <trip id="pc125" depart="3569.32" from="518702967" to="183895355#1" type="pc" fromTaz="101" toTaz="204" departLane="free" departSpeed="max"/>
    <trip id="pc52" depart="3573.33" from="518702967" to="634224224" type="pc" fromTaz="101" toTaz="202" departLane="free" departSpeed="max"/>
    <trip id="pc372" depart="3578.27" from="-218769245#1" to="634224224" type="pc" fromTaz="103" toTaz="202" departLane="free" departSpeed="max"/>
    <trip id="pc460" depart="3592.73" from="379598682#0" to="-518702967" type="pc" fromTaz="104" toTaz="201" departLane="free" departSpeed="max"/>
    <trip id="pc261" depart="3596.80" from="-634224224" to="183895355#1" type="pc" fromTaz="102" toTaz="204" departLane="free" departSpeed="max"/>
</routes>
