<?xml version="1.0" encoding="UTF-8"?>

<!-- generated on 2024-03-28 20:10:30 by Eclipse SUMO GUI Version 1.19.0
<configuration xmlns:xsi="http://www.w3.org/2001/XMLSchema-instance" xsi:noNamespaceSchemaLocation="http://sumo.dlr.de/xsd/sumoConfiguration.xsd">

    <input>
        <net-file value="C:\Users\TLSYSLAB_3_ADMIN\Documents\Git\TIL_1hour\SUMO\92_singal\singal.net.xml"/>
        <route-files value="C:\Users\TLSYSLAB_3_ADMIN\Documents\Git\TIL_1hour\SUMO\92_singal\route.rou.xml"/>
        <additional-files value="C:\Users\TLSYSLAB_3_ADMIN\Documents\Git\TIL_1hour\SUMO\92_singal\additional.add.xml"/>
    </input>

    <time>
        <begin value="0"/>
        <end value="3600"/>
    </time>

</configuration>
-->

<meandata xmlns:xsi="http://www.w3.org/2001/XMLSchema-instance" xsi:noNamespaceSchemaLocation="http://sumo.dlr.de/xsd/meandata_file.xsd">
    <interval begin="0.00" end="1824.00" id="singal_JC">
        <edge id="1118511056" sampledSeconds="437.31" traveltime="4.80" overlapTraveltime="5.11" density="2.41" laneDensity="1.20" occupancy="0.57" waitingTime="0.00" timeLoss="23.50" speed="20.50" speedRelative="0.92" departed="0" arrived="0" entered="86" left="85" laneChangedFrom="1" laneChangedTo="1"/>
        <edge id="1120029181" sampledSeconds="944.84" traveltime="18.16" overlapTraveltime="18.53" density="2.12" laneDensity="1.06" occupancy="0.52" waitingTime="0.00" timeLoss="27.22" speed="13.45" speedRelative="0.97" departed="0" arrived="0" entered="51" left="51" laneChangedFrom="2" laneChangedTo="2"/>
        <edge id="1120029182" sampledSeconds="242.27" traveltime="19.83" overlapTraveltime="20.19" density="0.49" laneDensity="0.25" occupancy="0.12" waitingTime="0.00" timeLoss="10.07" speed="13.56" speedRelative="0.98" departed="0" arrived="0" entered="12" left="12" laneChangedFrom="0" laneChangedTo="0"/>
        <edge id="1120029183" sampledSeconds="331.72" traveltime="7.26" overlapTraveltime="7.54" density="1.37" laneDensity="0.46" occupancy="0.22" waitingTime="0.00" timeLoss="58.06" speed="18.28" speedRelative="0.82" departed="0" arrived="0" entered="44" left="44" laneChangedFrom="73" laneChangedTo="73"/>
        <edge id="1120029184" sampledSeconds="1997.07" traveltime="60.27" overlapTraveltime="60.73" density="1.75" laneDensity="1.75" occupancy="0.87" waitingTime="0.00" timeLoss="98.20" speed="10.37" speedRelative="0.93" departed="0" arrived="0" entered="33" left="32" laneChangedFrom="0" laneChangedTo="0"/>
        <edge id="1120029185" sampledSeconds="3259.50" traveltime="57.75" overlapTraveltime="58.21" density="2.95" laneDensity="2.95" occupancy="1.46" waitingTime="0.00" timeLoss="232.13" speed="10.49" speedRelative="0.94" departed="0" arrived="0" entered="56" left="56" laneChangedFrom="0" laneChangedTo="0"/>
        <edge id="1120029186" sampledSeconds="2263.31" traveltime="20.65" overlapTraveltime="21.15" density="4.56" laneDensity="1.52" occupancy="0.74" waitingTime="0.00" timeLoss="135.45" speed="13.09" speedRelative="0.94" departed="0" arrived="0" entered="107" left="107" laneChangedFrom="71" laneChangedTo="71"/>
        <edge id="1120029187" sampledSeconds="6057.51" traveltime="10.07" overlapTraveltime="10.26" density="12.10" laneDensity="2.42" occupancy="1.19" waitingTime="0.00" timeLoss="116.60" speed="27.26" speedRelative="0.98" departed="0" arrived="0" entered="592" left="588" laneChangedFrom="36" laneChangedTo="36"/>
        <edge id="1120029189" sampledSeconds="1394.94" traveltime="16.59" overlapTraveltime="17.01" density="3.49" laneDensity="1.74" occupancy="0.85" waitingTime="0.00" timeLoss="58.29" speed="13.19" speedRelative="0.95" departed="0" arrived="0" entered="82" left="82" laneChangedFrom="70" laneChangedTo="70"/>
        <edge id="1120029190" sampledSeconds="2300.48" traveltime="27.68" overlapTraveltime="28.05" density="3.44" laneDensity="1.15" occupancy="0.56" waitingTime="0.00" timeLoss="84.56" speed="13.26" speedRelative="0.95" departed="0" arrived="0" entered="82" left="82" laneChangedFrom="55" laneChangedTo="55"/>
        <edge id="1120029191" sampledSeconds="3860.03" traveltime="90.54" overlapTraveltime="91.32" density="2.28" laneDensity="1.14" occupancy="0.57" waitingTime="28.00" timeLoss="217.27" speed="10.23" speedRelative="0.92" departed="0" arrived="0" entered="44" left="42" laneChangedFrom="10" laneChangedTo="10"/>
        <edge id="1120029192" sampledSeconds="464.34" traveltime="12.45" overlapTraveltime="12.90" density="1.87" laneDensity="0.94" occupancy="0.45" waitingTime="0.00" timeLoss="21.05" speed="10.92" speedRelative="0.98" departed="0" arrived="0" entered="36" left="36" laneChangedFrom="1" laneChangedTo="1"/>
        <edge id="1120029193" sampledSeconds="482.56" traveltime="12.95" overlapTraveltime="13.40" density="1.87" laneDensity="0.94" occupancy="0.45" waitingTime="0.00" timeLoss="16.64" speed="10.92" speedRelative="0.98" departed="0" arrived="0" entered="36" left="36" laneChangedFrom="1" laneChangedTo="1"/>
        <edge id="1120029194" sampledSeconds="1175.68" traveltime="32.20" overlapTraveltime="32.66" density="1.83" laneDensity="0.92" occupancy="0.45" waitingTime="0.00" timeLoss="41.31" speed="10.91" speedRelative="0.98" departed="0" arrived="0" entered="36" left="36" laneChangedFrom="0" laneChangedTo="0"/>
        <edge id="1120029195" sampledSeconds="161.99" traveltime="4.04" overlapTraveltime="4.50" density="2.01" laneDensity="1.01" occupancy="0.45" waitingTime="0.00" timeLoss="5.62" speed="10.92" speedRelative="0.98" departed="0" arrived="0" entered="36" left="36" laneChangedFrom="0" laneChangedTo="0"/>
        <edge id="1120029196" sampledSeconds="1024.25" traveltime="21.34" overlapTraveltime="21.72" density="1.97" laneDensity="1.97" occupancy="0.97" waitingTime="0.00" timeLoss="39.09" speed="13.33" speedRelative="0.96" departed="0" arrived="0" entered="48" left="47" laneChangedFrom="0" laneChangedTo="0"/>
        <edge id="1120029197" sampledSeconds="3878.86" traveltime="6.87" overlapTraveltime="7.08" density="11.72" laneDensity="2.34" occupancy="1.14" waitingTime="5.00" timeLoss="164.77" speed="26.35" speedRelative="0.95" departed="0" arrived="0" entered="549" left="547" laneChangedFrom="193" laneChangedTo="193"/>
        <edge id="1122897133" sampledSeconds="526.72" traveltime="13.81" overlapTraveltime="14.27" density="1.93" laneDensity="0.96" occupancy="0.47" waitingTime="0.00" timeLoss="18.36" speed="10.86" speedRelative="0.98" departed="0" arrived="0" entered="37" left="36" laneChangedFrom="0" laneChangedTo="0"/>
        <edge id="1125632598" sampledSeconds="5250.55" traveltime="8.58" overlapTraveltime="8.75" density="11.37" laneDensity="2.84" occupancy="1.39" waitingTime="0.00" timeLoss="145.16" speed="29.51" speedRelative="0.97" departed="0" arrived="0" entered="602" left="598" laneChangedFrom="31" laneChangedTo="31"/>
        <edge id="1139168722" sampledSeconds="1585.10" traveltime="17.44" overlapTraveltime="17.86" density="3.82" laneDensity="1.91" occupancy="0.93" waitingTime="3.00" timeLoss="104.61" speed="13.01" speedRelative="0.94" departed="0" arrived="0" entered="89" left="88" laneChangedFrom="16" laneChangedTo="16"/>
        <edge id="170601193" sampledSeconds="18700.80" traveltime="30.68" overlapTraveltime="30.85" density="11.40" laneDensity="2.85" occupancy="1.42" waitingTime="0.00" timeLoss="637.45" speed="29.31" speedRelative="0.96" departed="0" arrived="0" entered="612" left="602" laneChangedFrom="126" laneChangedTo="126"/>
        <edge id="170601197" sampledSeconds="30399.91" traveltime="46.56" overlapTraveltime="46.73" density="12.08" laneDensity="2.42" occupancy="1.20" waitingTime="0.00" timeLoss="601.62" speed="29.64" speedRelative="0.97" departed="0" arrived="644" entered="659" left="0" laneChangedFrom="157" laneChangedTo="157"/>
        <edge id="170605263" sampledSeconds="30551.09" traveltime="57.54" overlapTraveltime="57.73" density="10.79" laneDensity="2.70" occupancy="1.35" waitingTime="0.00" timeLoss="626.45" speed="26.97" speedRelative="0.97" departed="0" arrived="519" entered="540" left="0" laneChangedFrom="154" laneChangedTo="154"/>
        <edge id="170605264" sampledSeconds="3593.08" traveltime="5.17" overlapTraveltime="5.35" density="13.98" laneDensity="2.80" occupancy="1.35" waitingTime="0.00" timeLoss="75.04" speed="27.25" speedRelative="0.98" departed="0" arrived="0" entered="672" left="670" laneChangedFrom="21" laneChangedTo="21"/>
        <edge id="170605266" sampledSeconds="3010.03" traveltime="5.38" overlapTraveltime="5.57" density="11.63" laneDensity="2.33" occupancy="1.12" waitingTime="1.00" timeLoss="131.23" speed="26.36" speedRelative="0.95" departed="0" arrived="0" entered="541" left="540" laneChangedFrom="120" laneChangedTo="120"/>
        <edge id="170605269" sampledSeconds="5067.53" traveltime="7.37" overlapTraveltime="7.56" density="13.99" laneDensity="2.33" occupancy="1.14" waitingTime="12.00" timeLoss="163.73" speed="26.92" speedRelative="0.97" departed="0" arrived="0" entered="670" left="670" laneChangedFrom="57" laneChangedTo="57"/>
        <edge id="206489379" sampledSeconds="876.59" traveltime="1.43" overlapTraveltime="1.62" density="12.99" laneDensity="2.60" occupancy="1.14" waitingTime="0.00" timeLoss="52.17" speed="25.92" speedRelative="0.93" departed="0" arrived="0" entered="541" left="541" laneChangedFrom="5" laneChangedTo="5"/>
        <edge id="206489380" sampledSeconds="513.16" traveltime="0.68" overlapTraveltime="0.87" density="15.11" laneDensity="3.02" occupancy="1.19" waitingTime="0.00" timeLoss="10.15" speed="27.24" speedRelative="0.98" departed="0" arrived="0" entered="592" left="592" laneChangedFrom="2" laneChangedTo="2"/>
        <edge id="206489381" sampledSeconds="31691.65" traveltime="48.84" overlapTraveltime="49.02" density="13.14" laneDensity="4.38" occupancy="2.18" waitingTime="0.00" timeLoss="752.52" speed="27.08" speedRelative="0.97" departed="0" arrived="638" entered="657" left="0" laneChangedFrom="235" laneChangedTo="235"/>
        <edge id="206489382" sampledSeconds="3974.87" traveltime="5.86" overlapTraveltime="6.04" density="13.65" laneDensity="3.41" occupancy="1.65" waitingTime="0.00" timeLoss="83.92" speed="27.24" speedRelative="0.98" departed="0" arrived="0" entered="658" left="657" laneChangedFrom="28" laneChangedTo="28"/>
        <edge id="277653336" sampledSeconds="7097.69" traveltime="11.74" overlapTraveltime="11.92" density="12.15" laneDensity="2.43" occupancy="1.20" waitingTime="0.00" timeLoss="132.65" speed="27.27" speedRelative="0.98" departed="0" arrived="0" entered="599" left="592" laneChangedFrom="43" laneChangedTo="43"/>
        <edge id="277654571" sampledSeconds="41944.05" traveltime="58.91" overlapTraveltime="59.16" density="17.43" laneDensity="3.49" occupancy="1.74" waitingTime="8850.00" timeLoss="10900.05" speed="22.39" speedRelative="0.73" departed="721" arrived="0" entered="0" left="703" laneChangedFrom="495" laneChangedTo="495" teleported="2"/>
        <edge id="41844004" sampledSeconds="1321.58" traveltime="28.34" overlapTraveltime="28.73" density="1.98" laneDensity="1.98" occupancy="0.98" waitingTime="0.00" timeLoss="58.96" speed="12.88" speedRelative="0.93" departed="0" arrived="0" entered="46" left="46" laneChangedFrom="0" laneChangedTo="0"/>
        <edge id="42064105" sampledSeconds="3068.81" traveltime="6.00" overlapTraveltime="6.19" density="10.41" laneDensity="2.60" occupancy="1.26" waitingTime="0.00" timeLoss="70.81" speed="26.93" speedRelative="0.97" departed="0" arrived="0" entered="496" left="496" laneChangedFrom="14" laneChangedTo="14"/>
        <edge id="42064224" sampledSeconds="4615.22" traveltime="9.97" overlapTraveltime="10.15" density="9.40" laneDensity="2.35" occupancy="1.15" waitingTime="0.00" timeLoss="96.84" speed="27.01" speedRelative="0.97" departed="0" arrived="0" entered="456" left="454" laneChangedFrom="28" laneChangedTo="28"/>
        <edge id="42064232" sampledSeconds="282.38" traveltime="4.63" overlapTraveltime="5.05" density="2.16" laneDensity="2.16" occupancy="0.99" waitingTime="0.00" timeLoss="56.99" speed="15.18" speedRelative="0.76" departed="0" arrived="0" entered="56" left="56" laneChangedFrom="0" laneChangedTo="0"/>
        <edge id="42064235" sampledSeconds="2807.34" traveltime="4.50" overlapTraveltime="4.68" density="13.11" laneDensity="3.28" occupancy="1.57" waitingTime="0.00" timeLoss="164.47" speed="26.16" speedRelative="0.94" departed="0" arrived="0" entered="601" left="599" laneChangedFrom="32" laneChangedTo="32"/>
        <edge id="42064236" sampledSeconds="38828.18" traveltime="56.93" overlapTraveltime="57.11" density="13.70" laneDensity="3.42" occupancy="1.71" waitingTime="0.00" timeLoss="717.59" speed="27.30" speedRelative="0.98" departed="698" arrived="0" entered="0" left="672" laneChangedFrom="143" laneChangedTo="143"/>
        <edge id="43947365" sampledSeconds="72205.78" traveltime="106.86" overlapTraveltime="107.03" density="12.54" laneDensity="2.51" occupancy="1.25" waitingTime="0.00" timeLoss="2003.31" speed="29.55" speedRelative="0.97" departed="0" arrived="652" entered="704" left="0" laneChangedFrom="426" laneChangedTo="426"/>
        <edge id="43947368" sampledSeconds="12517.41" traveltime="18.73" overlapTraveltime="18.92" density="13.79" laneDensity="2.76" occupancy="1.36" waitingTime="0.00" timeLoss="540.02" speed="26.55" speedRelative="0.96" departed="0" arrived="0" entered="666" left="657" laneChangedFrom="367" laneChangedTo="367"/>
        <edge id="43947369#0" sampledSeconds="10668.98" traveltime="16.93" overlapTraveltime="17.10" density="11.68" laneDensity="2.92" occupancy="1.45" waitingTime="0.00" timeLoss="227.22" speed="29.58" speedRelative="0.97" departed="0" arrived="0" entered="626" left="622" laneChangedFrom="63" laneChangedTo="63"/>
        <edge id="43947369#1" sampledSeconds="6758.75" traveltime="10.04" overlapTraveltime="10.20" density="12.50" laneDensity="2.50" occupancy="1.23" waitingTime="0.00" timeLoss="153.02" speed="29.53" speedRelative="0.97" departed="0" arrived="0" entered="665" left="659" laneChangedFrom="30" laneChangedTo="30"/>
        <edge id="43947382" sampledSeconds="1530.82" traveltime="2.40" overlapTraveltime="2.59" density="12.82" laneDensity="2.56" occupancy="1.19" waitingTime="0.00" timeLoss="29.54" speed="27.25" speedRelative="0.98" departed="0" arrived="0" entered="592" left="592" laneChangedFrom="9" laneChangedTo="9"/>
        <edge id="43947385" sampledSeconds="1127.28" traveltime="1.63" overlapTraveltime="1.80" density="12.79" laneDensity="3.20" occupancy="1.45" waitingTime="0.00" timeLoss="22.57" speed="29.62" speedRelative="0.97" departed="0" arrived="0" entered="626" left="626" laneChangedFrom="8" laneChangedTo="8"/>
        <edge id="43947387" sampledSeconds="1450.63" traveltime="2.45" overlapTraveltime="2.64" density="11.99" laneDensity="2.40" occupancy="1.12" waitingTime="0.00" timeLoss="27.90" speed="27.04" speedRelative="0.97" departed="0" arrived="0" entered="550" left="549" laneChangedFrom="2" laneChangedTo="2"/>
        <edge id="43947390" sampledSeconds="7599.15" traveltime="11.33" overlapTraveltime="11.57" density="27.03" laneDensity="5.41" occupancy="2.65" waitingTime="3270.00" timeLoss="3835.22" speed="13.75" speedRelative="0.50" departed="0" arrived="0" entered="657" left="657" laneChangedFrom="251" laneChangedTo="251" teleported="2"/>
        <edge id="43947396" sampledSeconds="1047.90" traveltime="1.57" overlapTraveltime="1.74" density="12.39" laneDensity="3.10" occupancy="1.40" waitingTime="0.00" timeLoss="28.93" speed="29.51" speedRelative="0.97" departed="0" arrived="0" entered="602" left="602" laneChangedFrom="6" laneChangedTo="6"/>
        <edge id="43948501" sampledSeconds="76398.37" traveltime="103.06" overlapTraveltime="103.32" density="13.73" laneDensity="3.43" occupancy="1.71" waitingTime="134.00" timeLoss="1831.09" speed="29.57" speedRelative="0.97" departed="761" arrived="0" entered="0" left="714" laneChangedFrom="625" laneChangedTo="625"/>
        <edge id="660731151" sampledSeconds="6091.45" traveltime="9.55" overlapTraveltime="9.72" density="11.84" laneDensity="2.96" occupancy="1.45" waitingTime="0.00" timeLoss="135.21" speed="29.55" speedRelative="0.97" departed="0" arrived="0" entered="627" left="626" laneChangedFrom="29" laneChangedTo="29"/>
        <edge id="70707218" sampledSeconds="44005.98" traveltime="78.40" overlapTraveltime="78.59" density="11.35" laneDensity="2.27" occupancy="1.13" waitingTime="0.00" timeLoss="730.52" speed="27.11" speedRelative="0.98" departed="574" arrived="0" entered="0" left="550" laneChangedFrom="99" laneChangedTo="99"/>
        <edge id="E2" sampledSeconds="2082.14" traveltime="17.00" overlapTraveltime="25.57" density="8.64" laneDensity="8.64" occupancy="3.68" waitingTime="853.00" timeLoss="1277.11" speed="5.36" speedRelative="0.39" departed="0" arrived="0" entered="82" left="79" laneChangedFrom="0" laneChangedTo="0"/>
        <edge id="E3" sampledSeconds="720.86" traveltime="7.81" overlapTraveltime="9.21" density="133.33" laneDensity="133.33" occupancy="35.29" waitingTime="525.00" timeLoss="692.89" speed="0.73" speedRelative="0.05" departed="0" arrived="0" entered="79" left="78" laneChangedFrom="0" laneChangedTo="0"/>
        <edge id="E4" sampledSeconds="4419.41" traveltime="8.74" overlapTraveltime="8.97" density="10.59" laneDensity="2.12" occupancy="1.03" waitingTime="31.00" timeLoss="235.19" speed="26.06" speedRelative="0.94" departed="0" arrived="0" entered="495" left="489" laneChangedFrom="107" laneChangedTo="107"/>
        <edge id="E7" sampledSeconds="155.59" traveltime="1.34" overlapTraveltime="1.73" density="5.30" laneDensity="5.30" occupancy="2.02" waitingTime="0.00" timeLoss="15.12" speed="12.18" speedRelative="0.88" departed="0" arrived="0" entered="90" left="90" laneChangedFrom="0" laneChangedTo="0"/>
        <edge id="E8" sampledSeconds="1443.35" traveltime="15.63" overlapTraveltime="16.04" density="3.94" laneDensity="3.94" occupancy="1.92" waitingTime="0.00" timeLoss="67.23" speed="12.84" speedRelative="0.92" departed="0" arrived="0" entered="90" left="90" laneChangedFrom="0" laneChangedTo="0"/>
        <edge id="E9" sampledSeconds="53.74" traveltime="0.02" overlapTraveltime="0.50" density="147.30" laneDensity="73.65" occupancy="1.42" waitingTime="0.00" timeLoss="19.93" speed="10.35" speedRelative="0.75" departed="0" arrived="0" entered="107" left="107" laneChangedFrom="0" laneChangedTo="0"/>
    </interval>
</meandata>
